"triplet","parameter","rhat","ess","mcse","post_mean"
"IL18–IL18R1","Beta_X",1.00036528429135,1931.71137091242,0.00809943573170821,0.59295873670002
"IL18–IL18R1","Beta_XZ",1.00046438522709,1919.52721760944,0.234905694931873,16.9015793585586
"IL18–IL18R1","gamma",1.00133536762893,503.53691546655,0.0126388962807547,0.916000000000015
"IL18–IL18R1","loglik",1.00024155549317,2806.9574161944,0.11483184136802,-3224.62133773779
"SLC6A6–GABBR1","Beta_X",1.00437544005056,1752.18085302819,0.000870644441594728,0.0480806583863825
"SLC6A6–GABBR1","Beta_XZ",1.00408519803727,1969.19685849884,0.00315532707439752,-0.175496474680796
"SLC6A6–GABBR1","gamma",1.00960333102307,696.268608577683,0.0150152405961655,0.827186224489686
"SLC6A6–GABBR1","loglik",1.00333043583074,2253.17180931214,0.156940390569709,-2333.96985473084
"IL18–IL18RAP","Beta_X",1.00158938656969,1167.18623353684,0.0114700874479775,0.571779777020766
"IL18–IL18RAP","Beta_XZ",1.00097640763645,1889.16769986614,0.172187636795612,-8.51234276370343
"IL18–IL18RAP","gamma",1.00364167658185,480.170702132117,0.0169937174908224,0.851683673469412
"IL18–IL18RAP","loglik",1.00096007934332,1879.88769545567,0.144192807126786,-3653.64103275919
