"ligand","receptor","side","dropped","PIP"
"IL18","IL18R1","ligand","L1",0.844397959183627
"IL18","IL18R1","ligand","L2",0.927734693877552
"IL18","IL18R1","ligand","L3",0.880780612244848
"IL18","IL18R1","ligand","L4",0.953283163265252
"IL18","IL18R1","ligand","L5",0.962772959183613
"IL18","IL18R1","ligand","L6",0.876655612244917
"IL18","IL18R1","ligand","L7",0.932946428571408
"IL18","IL18R1","ligand","L8",0.926584183673496
"IL18","IL18R1","ligand","L9",0.431260204081586
"IL18","IL18R1","ligand","L10",0.949362244897959
"IL18","IL18R1","receptor","R1",0.996158163265317
"IL18","IL18R1","receptor","R2",0.834196428571426
"IL18","IL18R1","receptor","R3",0.927382653061239
"IL18","IL18R1","receptor","R4",0.957267857142869
"IL18","IL18R1","receptor","R5",0.902994897959191
"IL18","IL18R1","receptor","R6",0.890130102040793
"IL18","IL18R1","receptor","R7",0.910670918367366
"IL18","IL18R1","receptor","R8",0.927910714285759
"IL18","IL18R1","receptor","R9",0.92520408163264
"IL18","IL18R1","receptor","R10",0.865533163265269
"SLC6A6","GABBR1","ligand","L1",0.881400510204129
"SLC6A6","GABBR1","ligand","L2",0.84525
"SLC6A6","GABBR1","ligand","L3",0.853461734693861
"SLC6A6","GABBR1","ligand","L4",0.871992346938795
"SLC6A6","GABBR1","ligand","L5",0.857971938775588
"SLC6A6","GABBR1","ligand","L6",0.577788265306125
"SLC6A6","GABBR1","ligand","L7",0.815112244897926
"SLC6A6","GABBR1","ligand","L8",0.755510204081672
"SLC6A6","GABBR1","ligand","L9",0.827336734693874
"SLC6A6","GABBR1","ligand","L10",0.811857142857254
"SLC6A6","GABBR1","receptor","R1",0.883772959183639
"SLC6A6","GABBR1","receptor","R2",0.59708163265301
"SLC6A6","GABBR1","receptor","R3",0.85460459183671
"SLC6A6","GABBR1","receptor","R4",0.850448979591812
"SLC6A6","GABBR1","receptor","R5",0.865520408163227
"SLC6A6","GABBR1","receptor","R6",0.826298469387768
"SLC6A6","GABBR1","receptor","R7",0.824933673469427
"SLC6A6","GABBR1","receptor","R8",0.822058673469413
"SLC6A6","GABBR1","receptor","R9",0.693295918367318
"SLC6A6","GABBR1","receptor","R10",0.842614795918369
"IL18","IL18RAP","ligand","L1",0.836642857142876
"IL18","IL18RAP","ligand","L2",0.884915816326494
"IL18","IL18RAP","ligand","L3",0.844716836734657
"IL18","IL18RAP","ligand","L4",0.855295918367306
"IL18","IL18RAP","ligand","L5",0.938053571428586
"IL18","IL18RAP","ligand","L6",0.871617346938747
"IL18","IL18RAP","ligand","L7",0.869586734693903
"IL18","IL18RAP","ligand","L8",0.839872448979519
"IL18","IL18RAP","ligand","L9",0.262869897959141
"IL18","IL18RAP","ligand","L10",0.860548469387764
"IL18","IL18RAP","receptor","R1",0.797706632653116
"IL18","IL18RAP","receptor","R2",0.891895408163273
"IL18","IL18RAP","receptor","R3",0.731520408163235
"IL18","IL18RAP","receptor","R4",0.846948979591941
"IL18","IL18RAP","receptor","R5",0.908209183673424
"IL18","IL18RAP","receptor","R6",0.899566326530594
"IL18","IL18RAP","receptor","R7",0.879318877550991
"IL18","IL18RAP","receptor","R8",0.849530612244863
"IL18","IL18RAP","receptor","R9",0.874290816326532
"IL18","IL18RAP","receptor","R10",0.942326530612228
