"ligand","receptor","pathway","side","dropped","F_same_full","F_same_drop","F_other","n_iv_same","F_ratio"
"ICAM1","ITGAL","Adhesion by ICAM","ligand","L1",1.53904162175233,0.282746465273668,0.0886155084915291,2,0.183715931575481
"ICAM1","ITGAL","Adhesion by ICAM","ligand","L2",1.53904162175233,2.71221122355347,0.0886155084915291,2,1.76227282304775
"ICAM1","ITGAL","Adhesion by ICAM","receptor","R1",0.0886155084915291,NA,1.53904162175233,1,NA
"ICAM1","ITGB2","Adhesion by ICAM","ligand","L1",1.53904162175233,0.282746465273668,2.28839183875656,2,0.183715931575481
"ICAM1","ITGB2","Adhesion by ICAM","ligand","L2",1.53904162175233,2.71221122355347,2.28839183875656,2,1.76227282304775
"ICAM1","ITGB2","Adhesion by ICAM","receptor","R1",2.28839183875656,2.44788674983322,1.53904162175233,10,1.06969737803441
"ICAM1","ITGB2","Adhesion by ICAM","receptor","R2",2.28839183875656,2.11237633370425,1.53904162175233,10,0.923083319005389
"ICAM1","ITGB2","Adhesion by ICAM","receptor","R3",2.28839183875656,2.07669550757827,1.53904162175233,10,0.907491222616264
"ICAM1","ITGB2","Adhesion by ICAM","receptor","R4",2.28839183875656,2.44517789983088,1.53904162175233,10,1.06851364282068
"ICAM1","ITGB2","Adhesion by ICAM","receptor","R5",2.28839183875656,2.43121575545997,1.53904162175233,10,1.06241235189032
"ICAM1","ITGB2","Adhesion by ICAM","receptor","R6",2.28839183875656,2.32787396074767,1.53904162175233,10,1.01725321744399
"ICAM1","ITGB2","Adhesion by ICAM","receptor","R7",2.28839183875656,2.36339977786919,1.53904162175233,10,1.03277757674288
"ICAM1","ITGB2","Adhesion by ICAM","receptor","R8",2.28839183875656,2.54646018093659,1.53904162175233,10,1.11277279433065
"ICAM1","ITGB2","Adhesion by ICAM","receptor","R9",2.28839183875656,2.41276446048338,1.53904162175233,10,1.05434935556946
"ICAM1","ITGB2","Adhesion by ICAM","receptor","R10",2.28839183875656,2.38034081530595,1.53904162175233,10,1.04018060849201
"ICAM1","ITGAM","Adhesion by ICAM","ligand","L1",1.53904162175233,0.282746465273668,1.6940322126465,2,0.183715931575481
"ICAM1","ITGAM","Adhesion by ICAM","ligand","L2",1.53904162175233,2.71221122355347,1.6940322126465,2,1.76227282304775
"ICAM1","ITGAM","Adhesion by ICAM","receptor","R1",1.6940322126465,1.88499727848798,1.53904162175233,10,1.11272811958112
"ICAM1","ITGAM","Adhesion by ICAM","receptor","R2",1.6940322126465,1.84093834152777,1.53904162175233,10,1.08671979658035
"ICAM1","ITGAM","Adhesion by ICAM","receptor","R3",1.6940322126465,1.88478799804973,1.53904162175233,10,1.11260457975898
"ICAM1","ITGAM","Adhesion by ICAM","receptor","R4",1.6940322126465,1.65308910739186,1.53904162175233,10,0.975830975970241
"ICAM1","ITGAM","Adhesion by ICAM","receptor","R5",1.6940322126465,1.69520665526028,1.53904162175233,10,1.00069328233844
"ICAM1","ITGAM","Adhesion by ICAM","receptor","R6",1.6940322126465,1.61560669037275,1.53904162175233,10,0.953704822323757
"ICAM1","ITGAM","Adhesion by ICAM","receptor","R7",1.6940322126465,1.83140252684858,1.53904162175233,10,1.08109073320836
"ICAM1","ITGAM","Adhesion by ICAM","receptor","R8",1.6940322126465,1.59182094060624,1.53904162175233,10,0.93966391472534
"ICAM1","ITGAM","Adhesion by ICAM","receptor","R9",1.6940322126465,1.88501499744573,1.53904162175233,10,1.1127385792156
"ICAM1","ITGAM","Adhesion by ICAM","receptor","R10",1.6940322126465,1.88357281438938,1.53904162175233,10,1.11188724767327
"ICAM1","ITGAX","Adhesion by ICAM","ligand","L1",1.53904162175233,0.282746465273668,1.79149341392631,2,0.183715931575481
"ICAM1","ITGAX","Adhesion by ICAM","ligand","L2",1.53904162175233,2.71221122355347,1.79149341392631,2,1.76227282304775
"ICAM1","ITGAX","Adhesion by ICAM","receptor","R1",1.79149341392631,1.86951422203822,1.53904162175233,10,1.04355070886971
"ICAM1","ITGAX","Adhesion by ICAM","receptor","R2",1.79149341392631,1.37572276364888,1.53904162175233,10,0.767919520638254
"ICAM1","ITGAX","Adhesion by ICAM","receptor","R3",1.79149341392631,1.99310835400285,1.53904162175233,10,1.11254015142298
"ICAM1","ITGAX","Adhesion by ICAM","receptor","R4",1.79149341392631,1.96314071387016,1.53904162175233,10,1.0958124091384
"ICAM1","ITGAX","Adhesion by ICAM","receptor","R5",1.79149341392631,1.96200263156529,1.53904162175233,10,1.09517713897998
"ICAM1","ITGAX","Adhesion by ICAM","receptor","R6",1.79149341392631,1.96404192574547,1.53904162175233,10,1.09631545975991
"ICAM1","ITGAX","Adhesion by ICAM","receptor","R7",1.79149341392631,1.80992261117608,1.53904162175233,10,1.01028705833162
"ICAM1","ITGAX","Adhesion by ICAM","receptor","R8",1.79149341392631,1.78745661232592,1.53904162175233,10,0.997746683538432
"ICAM1","ITGAX","Adhesion by ICAM","receptor","R9",1.79149341392631,1.98568441442323,1.53904162175233,10,1.108396156518
"ICAM1","ITGAX","Adhesion by ICAM","receptor","R10",1.79149341392631,1.9403583184492,1.53904162175233,10,1.08309542383225
"ICAM2","ITGAL","Adhesion by ICAM","ligand","L1",2.49633999956493,2.57187534532497,0.0886155084915291,10,1.03025843666055
"ICAM2","ITGAL","Adhesion by ICAM","ligand","L2",2.49633999956493,2.75808625514873,0.0886155084915291,10,1.10485200558795
"ICAM2","ITGAL","Adhesion by ICAM","ligand","L3",2.49633999956493,2.77806909351968,0.0886155084915291,10,1.11285686004465
"ICAM2","ITGAL","Adhesion by ICAM","ligand","L4",2.49633999956493,2.7449739325091,0.0886155084915291,10,1.09959938669713
"ICAM2","ITGAL","Adhesion by ICAM","ligand","L5",2.49633999956493,2.49331616980993,0.0886155084915291,10,0.998788694746902
"ICAM2","ITGAL","Adhesion by ICAM","ligand","L6",2.49633999956493,2.42845398749756,0.0886155084915291,10,0.97280578283439
"ICAM2","ITGAL","Adhesion by ICAM","ligand","L7",2.49633999956493,2.36587916575225,0.0886155084915291,10,0.947739156591085
"ICAM2","ITGAL","Adhesion by ICAM","ligand","L8",2.49633999956493,2.62563657650967,0.0886155084915291,10,1.05179445787324
"ICAM2","ITGAL","Adhesion by ICAM","ligand","L9",2.49633999956493,2.77596635121711,0.0886155084915291,10,1.11201452995222
"ICAM2","ITGAL","Adhesion by ICAM","ligand","L10",2.49633999956493,2.72616331814346,0.0886155084915291,10,1.09206410930346
"ICAM2","ITGAL","Adhesion by ICAM","receptor","R1",0.0886155084915291,NA,2.49633999956493,1,NA
"ICAM2","ITGB2","Adhesion by ICAM","ligand","L1",2.49633999956493,2.57187534532497,2.28839183875656,10,1.03025843666055
"ICAM2","ITGB2","Adhesion by ICAM","ligand","L2",2.49633999956493,2.75808625514873,2.28839183875656,10,1.10485200558795
"ICAM2","ITGB2","Adhesion by ICAM","ligand","L3",2.49633999956493,2.77806909351968,2.28839183875656,10,1.11285686004465
"ICAM2","ITGB2","Adhesion by ICAM","ligand","L4",2.49633999956493,2.7449739325091,2.28839183875656,10,1.09959938669713
"ICAM2","ITGB2","Adhesion by ICAM","ligand","L5",2.49633999956493,2.49331616980993,2.28839183875656,10,0.998788694746902
"ICAM2","ITGB2","Adhesion by ICAM","ligand","L6",2.49633999956493,2.42845398749756,2.28839183875656,10,0.97280578283439
"ICAM2","ITGB2","Adhesion by ICAM","ligand","L7",2.49633999956493,2.36587916575225,2.28839183875656,10,0.947739156591085
"ICAM2","ITGB2","Adhesion by ICAM","ligand","L8",2.49633999956493,2.62563657650967,2.28839183875656,10,1.05179445787324
"ICAM2","ITGB2","Adhesion by ICAM","ligand","L9",2.49633999956493,2.77596635121711,2.28839183875656,10,1.11201452995222
"ICAM2","ITGB2","Adhesion by ICAM","ligand","L10",2.49633999956493,2.72616331814346,2.28839183875656,10,1.09206410930346
"ICAM2","ITGB2","Adhesion by ICAM","receptor","R1",2.28839183875656,2.44788674983322,2.49633999956493,10,1.06969737803441
"ICAM2","ITGB2","Adhesion by ICAM","receptor","R2",2.28839183875656,2.11237633370425,2.49633999956493,10,0.923083319005389
"ICAM2","ITGB2","Adhesion by ICAM","receptor","R3",2.28839183875656,2.07669550757827,2.49633999956493,10,0.907491222616264
"ICAM2","ITGB2","Adhesion by ICAM","receptor","R4",2.28839183875656,2.44517789983088,2.49633999956493,10,1.06851364282068
"ICAM2","ITGB2","Adhesion by ICAM","receptor","R5",2.28839183875656,2.43121575545997,2.49633999956493,10,1.06241235189032
"ICAM2","ITGB2","Adhesion by ICAM","receptor","R6",2.28839183875656,2.32787396074767,2.49633999956493,10,1.01725321744399
"ICAM2","ITGB2","Adhesion by ICAM","receptor","R7",2.28839183875656,2.36339977786919,2.49633999956493,10,1.03277757674288
"ICAM2","ITGB2","Adhesion by ICAM","receptor","R8",2.28839183875656,2.54646018093659,2.49633999956493,10,1.11277279433065
"ICAM2","ITGB2","Adhesion by ICAM","receptor","R9",2.28839183875656,2.41276446048338,2.49633999956493,10,1.05434935556946
"ICAM2","ITGB2","Adhesion by ICAM","receptor","R10",2.28839183875656,2.38034081530595,2.49633999956493,10,1.04018060849201
"ICAM3","ITGB2","Adhesion by ICAM","ligand","L1",1.52233547066817,0.780727004906483,2.28839183875656,2,0.512848199328766
"ICAM3","ITGB2","Adhesion by ICAM","ligand","L2",1.52233547066817,2.38011002311858,2.28839183875656,2,1.56345961122085
"ICAM3","ITGB2","Adhesion by ICAM","receptor","R1",2.28839183875656,2.44788674983322,1.52233547066817,10,1.06969737803441
"ICAM3","ITGB2","Adhesion by ICAM","receptor","R2",2.28839183875656,2.11237633370425,1.52233547066817,10,0.923083319005389
"ICAM3","ITGB2","Adhesion by ICAM","receptor","R3",2.28839183875656,2.07669550757827,1.52233547066817,10,0.907491222616264
"ICAM3","ITGB2","Adhesion by ICAM","receptor","R4",2.28839183875656,2.44517789983088,1.52233547066817,10,1.06851364282068
"ICAM3","ITGB2","Adhesion by ICAM","receptor","R5",2.28839183875656,2.43121575545997,1.52233547066817,10,1.06241235189032
"ICAM3","ITGB2","Adhesion by ICAM","receptor","R6",2.28839183875656,2.32787396074767,1.52233547066817,10,1.01725321744399
"ICAM3","ITGB2","Adhesion by ICAM","receptor","R7",2.28839183875656,2.36339977786919,1.52233547066817,10,1.03277757674288
"ICAM3","ITGB2","Adhesion by ICAM","receptor","R8",2.28839183875656,2.54646018093659,1.52233547066817,10,1.11277279433065
"ICAM3","ITGB2","Adhesion by ICAM","receptor","R9",2.28839183875656,2.41276446048338,1.52233547066817,10,1.05434935556946
"ICAM3","ITGB2","Adhesion by ICAM","receptor","R10",2.28839183875656,2.38034081530595,1.52233547066817,10,1.04018060849201
"ICAM3","ITGAL","Adhesion by ICAM","ligand","L1",1.52233547066817,0.780727004906483,0.0886155084915291,2,0.512848199328766
"ICAM3","ITGAL","Adhesion by ICAM","ligand","L2",1.52233547066817,2.38011002311858,0.0886155084915291,2,1.56345961122085
"ICAM3","ITGAL","Adhesion by ICAM","receptor","R1",0.0886155084915291,NA,1.52233547066817,1,NA
"ICAM4","ITGAL","Adhesion by ICAM","ligand","L1",0.172239426174737,0.0794882154482805,0.0886155084915291,2,0.461498375915626
"ICAM4","ITGAL","Adhesion by ICAM","ligand","L2",0.172239426174737,0.252035074823279,0.0886155084915291,2,1.46328329361472
"ICAM4","ITGAL","Adhesion by ICAM","receptor","R1",0.0886155084915291,NA,0.172239426174737,1,NA
"ICAM4","ITGB2","Adhesion by ICAM","ligand","L1",0.172239426174737,0.0794882154482805,2.28839183875656,2,0.461498375915626
"ICAM4","ITGB2","Adhesion by ICAM","ligand","L2",0.172239426174737,0.252035074823279,2.28839183875656,2,1.46328329361472
"ICAM4","ITGB2","Adhesion by ICAM","receptor","R1",2.28839183875656,2.44788674983322,0.172239426174737,10,1.06969737803441
"ICAM4","ITGB2","Adhesion by ICAM","receptor","R2",2.28839183875656,2.11237633370425,0.172239426174737,10,0.923083319005389
"ICAM4","ITGB2","Adhesion by ICAM","receptor","R3",2.28839183875656,2.07669550757827,0.172239426174737,10,0.907491222616264
"ICAM4","ITGB2","Adhesion by ICAM","receptor","R4",2.28839183875656,2.44517789983088,0.172239426174737,10,1.06851364282068
"ICAM4","ITGB2","Adhesion by ICAM","receptor","R5",2.28839183875656,2.43121575545997,0.172239426174737,10,1.06241235189032
"ICAM4","ITGB2","Adhesion by ICAM","receptor","R6",2.28839183875656,2.32787396074767,0.172239426174737,10,1.01725321744399
"ICAM4","ITGB2","Adhesion by ICAM","receptor","R7",2.28839183875656,2.36339977786919,0.172239426174737,10,1.03277757674288
"ICAM4","ITGB2","Adhesion by ICAM","receptor","R8",2.28839183875656,2.54646018093659,0.172239426174737,10,1.11277279433065
"ICAM4","ITGB2","Adhesion by ICAM","receptor","R9",2.28839183875656,2.41276446048338,0.172239426174737,10,1.05434935556946
"ICAM4","ITGB2","Adhesion by ICAM","receptor","R10",2.28839183875656,2.38034081530595,0.172239426174737,10,1.04018060849201
"CCL28","CCR10","Signaling by Chemokines","ligand","L1",0.658152213403988,0.617442837122539,0.480863538071983,10,0.938145955521598
"CCL28","CCR10","Signaling by Chemokines","ligand","L2",0.658152213403988,0.577796113212734,0.480863538071983,10,0.87790651075129
"CCL28","CCR10","Signaling by Chemokines","ligand","L3",0.658152213403988,0.640803559240024,0.480863538071983,10,0.973640361894041
"CCL28","CCR10","Signaling by Chemokines","ligand","L4",0.658152213403988,0.705594032276584,0.480863538071983,10,1.07208335382969
"CCL28","CCR10","Signaling by Chemokines","ligand","L5",0.658152213403988,0.723697096771306,0.480863538071983,10,1.09958924703499
"CCL28","CCR10","Signaling by Chemokines","ligand","L6",0.658152213403988,0.728046066309489,0.480863538071983,10,1.10619709465688
"CCL28","CCR10","Signaling by Chemokines","ligand","L7",0.658152213403988,0.685325373852202,0.480863538071983,10,1.04128704560253
"CCL28","CCR10","Signaling by Chemokines","ligand","L8",0.658152213403988,0.730407667375501,0.480863538071983,10,1.1097853239721
"CCL28","CCR10","Signaling by Chemokines","ligand","L9",0.658152213403988,0.72950022506348,0.480863538071983,10,1.10840655126035
"CCL28","CCR10","Signaling by Chemokines","ligand","L10",0.658152213403988,0.712547541781959,0.480863538071983,10,1.08264855343513
"CCL28","CCR10","Signaling by Chemokines","receptor","R1",0.480863538071983,0.101740816576611,0.658152213403988,2,0.211579395236618
"CCL28","CCR10","Signaling by Chemokines","receptor","R2",0.480863538071983,0.884542835531564,0.658152213403988,2,1.83948826537801
"PPBP","CXCR2","Signaling by Chemokines","ligand","L1",1.22978820027038,1.10379909436065,0.999530175628108,6,0.897552191603378
"PPBP","CXCR2","Signaling by Chemokines","ligand","L2",1.22978820027038,1.14202630845141,0.999530175628108,6,0.92863658002274
"PPBP","CXCR2","Signaling by Chemokines","ligand","L3",1.22978820027038,1.12153502811414,0.999530175628108,6,0.911974133324388
"PPBP","CXCR2","Signaling by Chemokines","ligand","L4",1.22978820027038,1.31983670808771,0.999530175628108,6,1.07322277754619
"PPBP","CXCR2","Signaling by Chemokines","ligand","L5",1.22978820027038,1.37905715682383,0.999530175628108,6,1.12137777588095
"PPBP","CXCR2","Signaling by Chemokines","ligand","L6",1.22978820027038,1.30088954563076,0.999530175628108,6,1.05781592744568
"PPBP","CXCR2","Signaling by Chemokines","receptor","R1",0.999530175628108,0.535293222603207,1.22978820027038,6,0.535544834618752
"PPBP","CXCR2","Signaling by Chemokines","receptor","R2",0.999530175628108,0.611624845190676,1.22978820027038,6,0.611912336519834
"PPBP","CXCR2","Signaling by Chemokines","receptor","R3",0.999530175628108,1.01228358766338,1.22978820027038,6,1.01275940671551
"PPBP","CXCR2","Signaling by Chemokines","receptor","R4",0.999530175628108,1.1672445378313,1.22978820027038,6,1.1677931955359
"PPBP","CXCR2","Signaling by Chemokines","receptor","R5",0.999530175628108,1.19993189746053,1.22978820027038,6,1.20049591970196
"PPBP","CXCR2","Signaling by Chemokines","receptor","R6",0.999530175628108,1.15472795784375,1.22978820027038,6,1.15527073218987
"CXCL8","CXCR2","Signaling by Chemokines","ligand","L1",1.00180912492512,0.729463269408674,0.999530175628108,10,0.728145962398974
"CXCL8","CXCR2","Signaling by Chemokines","ligand","L2",1.00180912492512,0.963807173751499,0.999530175628108,10,0.962066674950221
"CXCL8","CXCR2","Signaling by Chemokines","ligand","L3",1.00180912492512,0.947881339879714,0.999530175628108,10,0.946169600871389
"CXCL8","CXCR2","Signaling by Chemokines","ligand","L4",1.00180912492512,1.03057437021436,0.999530175628108,10,1.02871329934372
"CXCL8","CXCR2","Signaling by Chemokines","ligand","L5",1.00180912492512,1.10758896169712,0.999530175628108,10,1.10558881341783
"CXCL8","CXCR2","Signaling by Chemokines","ligand","L6",1.00180912492512,0.985065091061626,0.999530175628108,10,0.983286203482381
"CXCL8","CXCR2","Signaling by Chemokines","ligand","L7",1.00180912492512,1.02295279975325,0.999530175628108,10,1.02110549235585
"CXCL8","CXCR2","Signaling by Chemokines","ligand","L8",1.00180912492512,1.07066385734506,0.999530175628108,10,1.06873039055727
"CXCL8","CXCR2","Signaling by Chemokines","ligand","L9",1.00180912492512,1.10297694380971,0.999530175628108,10,1.10098512417937
"CXCL8","CXCR2","Signaling by Chemokines","ligand","L10",1.00180912492512,1.07188855519773,0.999530175628108,10,1.06995287677965
"CXCL8","CXCR2","Signaling by Chemokines","receptor","R1",0.999530175628108,0.535293222603207,1.00180912492512,6,0.535544834618752
"CXCL8","CXCR2","Signaling by Chemokines","receptor","R2",0.999530175628108,0.611624845190676,1.00180912492512,6,0.611912336519834
"CXCL8","CXCR2","Signaling by Chemokines","receptor","R3",0.999530175628108,1.01228358766338,1.00180912492512,6,1.01275940671551
"CXCL8","CXCR2","Signaling by Chemokines","receptor","R4",0.999530175628108,1.1672445378313,1.00180912492512,6,1.1677931955359
"CXCL8","CXCR2","Signaling by Chemokines","receptor","R5",0.999530175628108,1.19993189746053,1.00180912492512,6,1.20049591970196
"CXCL8","CXCR2","Signaling by Chemokines","receptor","R6",0.999530175628108,1.15472795784375,1.00180912492512,6,1.15527073218987
"LIPA","RORA","Signaling by Cholesterol","ligand","L1",1.25148393742573,0.235138970646762,1.49340209686293,3,0.187888125140813
"LIPA","RORA","Signaling by Cholesterol","ligand","L2",1.25148393742573,1.40884360465031,1.49340209686293,3,1.12573846337035
"LIPA","RORA","Signaling by Cholesterol","ligand","L3",1.25148393742573,0.955368679193257,1.49340209686293,3,0.763388686520763
"LIPA","RORA","Signaling by Cholesterol","receptor","R1",1.49340209686293,1.25694399135057,1.25148393742573,10,0.841664809491646
"LIPA","RORA","Signaling by Cholesterol","receptor","R2",1.49340209686293,1.39508829922193,1.25148393742573,10,0.934167899022289
"LIPA","RORA","Signaling by Cholesterol","receptor","R3",1.49340209686293,1.55199124078429,1.25148393742573,10,1.03923199521711
"LIPA","RORA","Signaling by Cholesterol","receptor","R4",1.49340209686293,1.60150357115934,1.25148393742573,10,1.07238604694843
"LIPA","RORA","Signaling by Cholesterol","receptor","R5",1.49340209686293,1.65890333245897,1.25148393742573,10,1.11082161726148
"LIPA","RORA","Signaling by Cholesterol","receptor","R6",1.49340209686293,1.64642096988728,1.25148393742573,10,1.10246327720162
"LIPA","RORA","Signaling by Cholesterol","receptor","R7",1.49340209686293,1.45047124266542,1.25148393742573,10,0.971252983849632
"LIPA","RORA","Signaling by Cholesterol","receptor","R8",1.49340209686293,1.5992743574785,1.25148393742573,10,1.07089333866476
"LIPA","RORA","Signaling by Cholesterol","receptor","R9",1.49340209686293,1.33006045822242,1.25148393742573,10,0.890624474825878
"LIPA","RORA","Signaling by Cholesterol","receptor","R10",1.49340209686293,1.34248789959176,1.25148393742573,10,0.8989460389883
"SLC6A6","GABBR1","Signaling by GABA","ligand","L1",1.54761329859525,1.58502086249456,1.08302453627649,10,1.02417113107859
"SLC6A6","GABBR1","Signaling by GABA","ligand","L2",1.54761329859525,1.62348310618317,1.08302453627649,10,1.04902375009105
"SLC6A6","GABBR1","Signaling by GABA","ligand","L3",1.54761329859525,1.53616606046099,1.08302453627649,10,0.992603295574775
"SLC6A6","GABBR1","Signaling by GABA","ligand","L4",1.54761329859525,1.72156973062512,1.08302453627649,10,1.11240303516891
"SLC6A6","GABBR1","Signaling by GABA","ligand","L5",1.54761329859525,1.72183893246999,1.08302453627649,10,1.11257698162253
"SLC6A6","GABBR1","Signaling by GABA","ligand","L6",1.54761329859525,1.5659480758431,1.08302453627649,10,1.01184713084625
"SLC6A6","GABBR1","Signaling by GABA","ligand","L7",1.54761329859525,1.70477373346893,1.08302453627649,10,1.10155019669082
"SLC6A6","GABBR1","Signaling by GABA","ligand","L8",1.54761329859525,1.5308109093509,1.08302453627649,10,0.989143031234225
"SLC6A6","GABBR1","Signaling by GABA","ligand","L9",1.54761329859525,1.72218011938736,1.08302453627649,10,1.1127974416804
"SLC6A6","GABBR1","Signaling by GABA","ligand","L10",1.54761329859525,1.67322845727575,1.08302453627649,10,1.08116701943213
"SLC6A6","GABBR1","Signaling by GABA","receptor","R1",1.08302453627649,1.06215909665328,1.54761329859525,10,0.980734102576341
"SLC6A6","GABBR1","Signaling by GABA","receptor","R2",1.08302453627649,1.03848062283713,1.54761329859525,10,0.958870817837147
"SLC6A6","GABBR1","Signaling by GABA","receptor","R3",1.08302453627649,1.19889994555159,1.54761329859525,10,1.1069924137393
"SLC6A6","GABBR1","Signaling by GABA","receptor","R4",1.08302453627649,1.14562034255057,1.54761329859525,10,1.05779721897095
"SLC6A6","GABBR1","Signaling by GABA","receptor","R5",1.08302453627649,1.1964959077999,1.54761329859525,10,1.1047726692449
"SLC6A6","GABBR1","Signaling by GABA","receptor","R6",1.08302453627649,1.20088078550275,1.54761329859525,10,1.10882140272783
"SLC6A6","GABBR1","Signaling by GABA","receptor","R7",1.08302453627649,1.20524537390603,1.54761329859525,10,1.11285140228655
"SLC6A6","GABBR1","Signaling by GABA","receptor","R8",1.08302453627649,1.16624453467756,1.54761329859525,10,1.07684036290368
"SLC6A6","GABBR1","Signaling by GABA","receptor","R9",1.08302453627649,1.05194820880353,1.54761329859525,10,0.971305980213708
"SLC6A6","GABBR1","Signaling by GABA","receptor","R10",1.08302453627649,1.14367091385828,1.54761329859525,10,1.0559972332578
"IFNG","IFNGR1","Signaling by Interferon","ligand","L1",0.931068506597488,0.840331348517768,1.56565375021438,10,0.902545132354104
"IFNG","IFNGR1","Signaling by Interferon","ligand","L2",0.931068506597488,0.953806512230987,1.56565375021438,10,1.02442140988808
"IFNG","IFNGR1","Signaling by Interferon","ligand","L3",0.931068506597488,0.926156213902369,1.56565375021438,10,0.994724026577733
"IFNG","IFNGR1","Signaling by Interferon","ligand","L4",0.931068506597488,0.803254767642587,1.56565375021438,10,0.862723593323992
"IFNG","IFNGR1","Signaling by Interferon","ligand","L5",0.931068506597488,0.776831002221197,1.56565375021438,10,0.834343549069295
"IFNG","IFNGR1","Signaling by Interferon","ligand","L6",0.931068506597488,0.990824334898032,1.56565375021438,10,1.06417984055643
"IFNG","IFNGR1","Signaling by Interferon","ligand","L7",0.931068506597488,0.985072167465744,1.56565375021438,10,1.0580018124183
"IFNG","IFNGR1","Signaling by Interferon","ligand","L8",0.931068506597488,0.865352924097728,1.56565375021438,10,0.929419175888666
"IFNG","IFNGR1","Signaling by Interferon","ligand","L9",0.931068506597488,0.732534330258592,1.56565375021438,10,0.786767380775855
"IFNG","IFNGR1","Signaling by Interferon","ligand","L10",0.931068506597488,1.03614942123004,1.56565375021438,10,1.11286056169654
"IFNG","IFNGR1","Signaling by Interferon","receptor","R1",1.56565375021438,1.15765709287161,0.931068506597488,10,0.739408117991032
"IFNG","IFNGR1","Signaling by Interferon","receptor","R2",1.56565375021438,1.67907850947007,0.931068506597488,10,1.07244562167092
"IFNG","IFNGR1","Signaling by Interferon","receptor","R3",1.56565375021438,1.60626605016642,0.931068506597488,10,1.02593951564737
"IFNG","IFNGR1","Signaling by Interferon","receptor","R4",1.56565375021438,1.46329700851279,0.931068506597488,10,0.934623640963035
"IFNG","IFNGR1","Signaling by Interferon","receptor","R5",1.56565375021438,1.56369357548805,0.931068506597488,10,0.99874801518148
"IFNG","IFNGR1","Signaling by Interferon","receptor","R6",1.56565375021438,1.74178097427612,0.931068506597488,10,1.11249436475825
"IFNG","IFNGR1","Signaling by Interferon","receptor","R7",1.56565375021438,1.69512950476379,0.931068506597488,10,1.0826975661328
"IFNG","IFNGR1","Signaling by Interferon","receptor","R8",1.56565375021438,1.67882702581823,0.931068506597488,10,1.07228499633994
"IFNG","IFNGR1","Signaling by Interferon","receptor","R9",1.56565375021438,1.73667555592885,0.931068506597488,10,1.10923347878869
"IFNG","IFNGR1","Signaling by Interferon","receptor","R10",1.56565375021438,1.73781640257603,0.931068506597488,10,1.10996214989303
"IFNG","IFNGR2","Signaling by Interferon","ligand","L1",0.931068506597488,0.840331348517768,3.458181230446,10,0.902545132354104
"IFNG","IFNGR2","Signaling by Interferon","ligand","L2",0.931068506597488,0.953806512230987,3.458181230446,10,1.02442140988808
"IFNG","IFNGR2","Signaling by Interferon","ligand","L3",0.931068506597488,0.926156213902369,3.458181230446,10,0.994724026577733
"IFNG","IFNGR2","Signaling by Interferon","ligand","L4",0.931068506597488,0.803254767642587,3.458181230446,10,0.862723593323992
"IFNG","IFNGR2","Signaling by Interferon","ligand","L5",0.931068506597488,0.776831002221197,3.458181230446,10,0.834343549069295
"IFNG","IFNGR2","Signaling by Interferon","ligand","L6",0.931068506597488,0.990824334898032,3.458181230446,10,1.06417984055643
"IFNG","IFNGR2","Signaling by Interferon","ligand","L7",0.931068506597488,0.985072167465744,3.458181230446,10,1.0580018124183
"IFNG","IFNGR2","Signaling by Interferon","ligand","L8",0.931068506597488,0.865352924097728,3.458181230446,10,0.929419175888666
"IFNG","IFNGR2","Signaling by Interferon","ligand","L9",0.931068506597488,0.732534330258592,3.458181230446,10,0.786767380775855
"IFNG","IFNGR2","Signaling by Interferon","ligand","L10",0.931068506597488,1.03614942123004,3.458181230446,10,1.11286056169654
"IFNG","IFNGR2","Signaling by Interferon","receptor","R1",3.458181230446,2.05696572464034,0.931068506597488,10,0.59481143050882
"IFNG","IFNGR2","Signaling by Interferon","receptor","R2",3.458181230446,3.74947620816476,0.931068506597488,10,1.08423357779927
"IFNG","IFNGR2","Signaling by Interferon","receptor","R3",3.458181230446,3.84762415416935,0.931068506597488,10,1.11261495502164
"IFNG","IFNGR2","Signaling by Interferon","receptor","R4",3.458181230446,3.46875203699977,0.931068506597488,10,1.0030567532033
"IFNG","IFNGR2","Signaling by Interferon","receptor","R5",3.458181230446,3.24160282014518,0.931068506597488,10,0.937372163033547
"IFNG","IFNGR2","Signaling by Interferon","receptor","R6",3.458181230446,3.80865272660719,0.931068506597488,10,1.10134561285442
"IFNG","IFNGR2","Signaling by Interferon","receptor","R7",3.458181230446,3.65818094556078,0.931068506597488,10,1.05783378654478
"IFNG","IFNGR2","Signaling by Interferon","receptor","R8",3.458181230446,3.65444384941864,0.931068506597488,10,1.05675313290256
"IFNG","IFNGR2","Signaling by Interferon","receptor","R9",3.458181230446,3.84589128996075,0.931068506597488,10,1.11211386381412
"IFNG","IFNGR2","Signaling by Interferon","receptor","R10",3.458181230446,3.84450552712996,0.931068506597488,10,1.11171314368453
"IL23A","IL12RB1","Signaling by Interleukin","ligand","L1",0.898930297873927,NA,2.49149563695195,1,NA
"IL23A","IL12RB1","Signaling by Interleukin","receptor","R1",2.49149563695195,2.54515032583714,0.898930297873927,10,1.0215351325884
"IL23A","IL12RB1","Signaling by Interleukin","receptor","R2",2.49149563695195,1.99265982721924,0.898930297873927,10,0.799784594307786
"IL23A","IL12RB1","Signaling by Interleukin","receptor","R3",2.49149563695195,2.4665372545407,0.898930297873927,10,0.989982570291883
"IL23A","IL12RB1","Signaling by Interleukin","receptor","R4",2.49149563695195,2.44299531755185,0.898930297873927,10,0.980533652686047
"IL23A","IL12RB1","Signaling by Interleukin","receptor","R5",2.49149563695195,2.53610620653408,0.898930297873927,10,1.01790513654549
"IL23A","IL12RB1","Signaling by Interleukin","receptor","R6",2.49149563695195,2.53937927343792,0.898930297873927,10,1.01921883216482
"IL23A","IL12RB1","Signaling by Interleukin","receptor","R7",2.49149563695195,2.76636276084528,0.898930297873927,10,1.11032213736067
"IL23A","IL12RB1","Signaling by Interleukin","receptor","R8",2.49149563695195,2.70590647653923,0.898930297873927,10,1.08605708009571
"IL23A","IL12RB1","Signaling by Interleukin","receptor","R9",2.49149563695195,2.74416160431989,0.898930297873927,10,1.10141136256495
"IL23A","IL12RB1","Signaling by Interleukin","receptor","R10",2.49149563695195,2.6313558769481,0.898930297873927,10,1.05613505314713
"IL15","IL15RA","Signaling by Interleukin","ligand","L1",0.246013161520918,0.0709011319195997,2.80735801108885,3,0.288200564072549
"IL15","IL15RA","Signaling by Interleukin","ligand","L2",0.246013161520918,0.314641804515167,2.80735801108885,3,1.27896329842667
"IL15","IL15RA","Signaling by Interleukin","ligand","L3",0.246013161520918,0.356566097147484,2.80735801108885,3,1.44937813466198
"IL15","IL15RA","Signaling by Interleukin","receptor","R1",2.80735801108885,2.55769549300787,0.246013161520918,10,0.911068514562506
"IL15","IL15RA","Signaling by Interleukin","receptor","R2",2.80735801108885,2.48842563831285,0.246013161520918,10,0.886394121620312
"IL15","IL15RA","Signaling by Interleukin","receptor","R3",2.80735801108885,2.93861208294643,0.246013161520918,10,1.04675359228824
"IL15","IL15RA","Signaling by Interleukin","receptor","R4",2.80735801108885,2.99894234282792,0.246013161520918,10,1.06824364081187
"IL15","IL15RA","Signaling by Interleukin","receptor","R5",2.80735801108885,3.09481694380066,0.246013161520918,10,1.10239482516172
"IL15","IL15RA","Signaling by Interleukin","receptor","R6",2.80735801108885,2.62817557547864,0.246013161520918,10,0.936173998862113
"IL15","IL15RA","Signaling by Interleukin","receptor","R7",2.80735801108885,2.85908441723854,0.246013161520918,10,1.01842529735979
"IL15","IL15RA","Signaling by Interleukin","receptor","R8",2.80735801108885,3.08678531679995,0.246013161520918,10,1.09953390504787
"IL15","IL15RA","Signaling by Interleukin","receptor","R9",2.80735801108885,2.96660483067726,0.246013161520918,10,1.0567247992452
"IL15","IL15RA","Signaling by Interleukin","receptor","R10",2.80735801108885,2.99228223055219,0.246013161520918,10,1.06587126356272
"IL15","IL2RB","Signaling by Interleukin","ligand","L1",0.246013161520918,0.0709011319195997,2.37095785256495,3,0.288200564072549
"IL15","IL2RB","Signaling by Interleukin","ligand","L2",0.246013161520918,0.314641804515167,2.37095785256495,3,1.27896329842667
"IL15","IL2RB","Signaling by Interleukin","ligand","L3",0.246013161520918,0.356566097147484,2.37095785256495,3,1.44937813466198
"IL15","IL2RB","Signaling by Interleukin","receptor","R1",2.37095785256495,2.00612982513225,0.246013161520918,10,0.846126312604831
"IL15","IL2RB","Signaling by Interleukin","receptor","R2",2.37095785256495,1.98694369445149,0.246013161520918,10,0.838034169313459
"IL15","IL2RB","Signaling by Interleukin","receptor","R3",2.37095785256495,2.21312256567939,0.246013161520918,10,0.933429737388706
"IL15","IL2RB","Signaling by Interleukin","receptor","R4",2.37095785256495,2.40880237943086,0.246013161520918,10,1.01596170375824
"IL15","IL2RB","Signaling by Interleukin","receptor","R5",2.37095785256495,1.95934798773347,0.246013161520918,10,0.826395115212112
"IL15","IL2RB","Signaling by Interleukin","receptor","R6",2.37095785256495,2.63834765585137,0.246013161520918,10,1.11277712212267
"IL15","IL2RB","Signaling by Interleukin","receptor","R7",2.37095785256495,2.55846181248467,0.246013161520918,10,1.07908363268325
"IL15","IL2RB","Signaling by Interleukin","receptor","R8",2.37095785256495,2.28458478023862,0.246013161520918,10,0.963570388974697
"IL15","IL2RB","Signaling by Interleukin","receptor","R9",2.37095785256495,2.50647125341954,0.246013161520918,10,1.05715555032241
"IL15","IL2RB","Signaling by Interleukin","receptor","R10",2.37095785256495,2.47023982729277,0.246013161520918,10,1.04187420481575
"IL18","IL18R1","Signaling by Interleukin","ligand","L1",4.1439635598313,4.34545020654313,2.59139653784549,10,1.04862172260994
"IL18","IL18R1","Signaling by Interleukin","ligand","L2",4.1439635598313,4.61068196911612,2.59139653784549,10,1.11262608914057
"IL18","IL18R1","Signaling by Interleukin","ligand","L3",4.1439635598313,4.60090232508564,2.59139653784549,10,1.11026611567814
"IL18","IL18R1","Signaling by Interleukin","ligand","L4",4.1439635598313,4.59279964781767,2.59139653784549,10,1.10831081922078
"IL18","IL18R1","Signaling by Interleukin","ligand","L5",4.1439635598313,4.31894764138387,2.59139653784549,10,1.04222625972119
"IL18","IL18R1","Signaling by Interleukin","ligand","L6",4.1439635598313,4.56908653773272,2.59139653784549,10,1.10258849330199
"IL18","IL18R1","Signaling by Interleukin","ligand","L7",4.1439635598313,4.52634981329427,2.59139653784549,10,1.09227548648583
"IL18","IL18R1","Signaling by Interleukin","ligand","L8",4.1439635598313,4.6115686540111,2.59139653784549,10,1.1128400593848
"IL18","IL18R1","Signaling by Interleukin","ligand","L9",4.1439635598313,4.04700077907634,2.59139653784549,10,0.976601439816013
"IL18","IL18R1","Signaling by Interleukin","ligand","L10",4.1439635598313,4.61165032199253,2.59139653784549,10,1.11285976708257
"IL18","IL18R1","Signaling by Interleukin","receptor","R1",2.59139653784549,1.7366553982367,4.1439635598313,10,0.670161965902978
"IL18","IL18R1","Signaling by Interleukin","receptor","R2",2.59139653784549,2.87828614281353,4.1439635598313,10,1.11070849280619
"IL18","IL18R1","Signaling by Interleukin","receptor","R3",2.59139653784549,2.88302540807075,4.1439635598313,10,1.1125373388311
"IL18","IL18R1","Signaling by Interleukin","receptor","R4",2.59139653784549,2.42758224767076,4.1439635598313,10,0.936785324907887
"IL18","IL18R1","Signaling by Interleukin","receptor","R5",2.59139653784549,2.87435320914131,4.1439635598313,10,1.10919080394044
"IL18","IL18R1","Signaling by Interleukin","receptor","R6",2.59139653784549,2.82925056086678,4.1439635598313,10,1.09178603874305
"IL18","IL18R1","Signaling by Interleukin","receptor","R7",2.59139653784549,2.84523723874797,4.1439635598313,10,1.09795517482381
"IL18","IL18R1","Signaling by Interleukin","receptor","R8",2.59139653784549,2.17058103341751,4.1439635598313,10,0.837610532281622
"IL18","IL18R1","Signaling by Interleukin","receptor","R9",2.59139653784549,2.85898038092598,4.1439635598313,10,1.10325854772615
"IL18","IL18R1","Signaling by Interleukin","receptor","R10",2.59139653784549,2.75162589840294,4.1439635598313,10,1.06183127831554
"IL18","IL18RAP","Signaling by Interleukin","ligand","L1",4.1439635598313,4.34545020654313,1.26998114710775,10,1.04862172260994
"IL18","IL18RAP","Signaling by Interleukin","ligand","L2",4.1439635598313,4.61068196911612,1.26998114710775,10,1.11262608914057
"IL18","IL18RAP","Signaling by Interleukin","ligand","L3",4.1439635598313,4.60090232508564,1.26998114710775,10,1.11026611567814
"IL18","IL18RAP","Signaling by Interleukin","ligand","L4",4.1439635598313,4.59279964781767,1.26998114710775,10,1.10831081922078
"IL18","IL18RAP","Signaling by Interleukin","ligand","L5",4.1439635598313,4.31894764138387,1.26998114710775,10,1.04222625972119
"IL18","IL18RAP","Signaling by Interleukin","ligand","L6",4.1439635598313,4.56908653773272,1.26998114710775,10,1.10258849330199
"IL18","IL18RAP","Signaling by Interleukin","ligand","L7",4.1439635598313,4.52634981329427,1.26998114710775,10,1.09227548648583
"IL18","IL18RAP","Signaling by Interleukin","ligand","L8",4.1439635598313,4.6115686540111,1.26998114710775,10,1.1128400593848
"IL18","IL18RAP","Signaling by Interleukin","ligand","L9",4.1439635598313,4.04700077907634,1.26998114710775,10,0.976601439816013
"IL18","IL18RAP","Signaling by Interleukin","ligand","L10",4.1439635598313,4.61165032199253,1.26998114710775,10,1.11285976708257
"IL18","IL18RAP","Signaling by Interleukin","receptor","R1",1.26998114710775,0.934184964555365,4.1439635598313,10,0.735589631927117
"IL18","IL18RAP","Signaling by Interleukin","receptor","R2",1.26998114710775,1.41307052222705,4.1439635598313,10,1.11267047187683
"IL18","IL18RAP","Signaling by Interleukin","receptor","R3",1.26998114710775,0.864720826798849,4.1439635598313,10,0.680892648499675
"IL18","IL18RAP","Signaling by Interleukin","receptor","R4",1.26998114710775,1.34263900202106,4.1439635598313,10,1.05721175867751
"IL18","IL18RAP","Signaling by Interleukin","receptor","R5",1.26998114710775,1.36602768414474,4.1439635598313,10,1.07562831720434
"IL18","IL18RAP","Signaling by Interleukin","receptor","R6",1.26998114710775,1.39081612224171,4.1439635598313,10,1.09514706215061
"IL18","IL18RAP","Signaling by Interleukin","receptor","R7",1.26998114710775,1.41317335584053,4.1439635598313,10,1.11275144442805
"IL18","IL18RAP","Signaling by Interleukin","receptor","R8",1.26998114710775,1.41301696426774,4.1439635598313,10,1.11262829962928
"IL18","IL18RAP","Signaling by Interleukin","receptor","R9",1.26998114710775,1.38430382443435,4.1439635598313,10,1.09001919247932
"IL18","IL18RAP","Signaling by Interleukin","receptor","R10",1.26998114710775,1.16763458784703,4.1439635598313,10,0.919410961734511
"IL1B","IL1RAP","Signaling by Interleukin","ligand","L1",0.783886979769222,0.845376398083417,2.27784724289175,10,1.07844168853563
"IL1B","IL1RAP","Signaling by Interleukin","ligand","L2",0.783886979769222,0.870614933579407,2.27784724289175,10,1.11063833951639
"IL1B","IL1RAP","Signaling by Interleukin","ligand","L3",0.783886979769222,0.809621385696041,2.27784724289175,10,1.03282922996679
"IL1B","IL1RAP","Signaling by Interleukin","ligand","L4",0.783886979769222,0.749055766309272,2.27784724289175,10,0.955566026278171
"IL1B","IL1RAP","Signaling by Interleukin","ligand","L5",0.783886979769222,0.864424210432742,2.27784724289175,10,1.10274087048522
"IL1B","IL1RAP","Signaling by Interleukin","ligand","L6",0.783886979769222,0.83126389395132,2.27784724289175,10,1.06043845019093
"IL1B","IL1RAP","Signaling by Interleukin","ligand","L7",0.783886979769222,0.725072838743167,2.27784724289175,10,0.924971146933235
"IL1B","IL1RAP","Signaling by Interleukin","ligand","L8",0.783886979769222,0.698036072209285,2.27784724289175,10,0.890480503215895
"IL1B","IL1RAP","Signaling by Interleukin","ligand","L9",0.783886979769222,0.754910986633623,2.27784724289175,10,0.96303549633631
"IL1B","IL1RAP","Signaling by Interleukin","ligand","L10",0.783886979769222,0.845278206293623,2.27784724289175,10,1.07831642584812
"IL1B","IL1RAP","Signaling by Interleukin","receptor","R1",2.27784724289175,2.27021119405967,0.783886979769222,10,0.996647690552599
"IL1B","IL1RAP","Signaling by Interleukin","receptor","R2",2.27784724289175,2.13251404589571,0.783886979769222,10,0.936197127595114
"IL1B","IL1RAP","Signaling by Interleukin","receptor","R3",2.27784724289175,2.05237185864351,0.783886979769222,10,0.901013825684819
"IL1B","IL1RAP","Signaling by Interleukin","receptor","R4",2.27784724289175,2.46368493241744,0.783886979769222,10,1.08158479024685
"IL1B","IL1RAP","Signaling by Interleukin","receptor","R5",2.27784724289175,2.18399333736232,0.783886979769222,10,0.958797102912713
"IL1B","IL1RAP","Signaling by Interleukin","receptor","R6",2.27784724289175,2.524929876526,0.783886979769222,10,1.10847199451381
"IL1B","IL1RAP","Signaling by Interleukin","receptor","R7",2.27784724289175,2.3956483401507,0.783886979769222,10,1.05171597771824
"IL1B","IL1RAP","Signaling by Interleukin","receptor","R8",2.27784724289175,2.38417078121485,0.783886979769222,10,1.04667720307184
"IL1B","IL1RAP","Signaling by Interleukin","receptor","R9",2.27784724289175,2.50195557645309,0.783886979769222,10,1.09838602402365
"IL1B","IL1RAP","Signaling by Interleukin","receptor","R10",2.27784724289175,2.52388578628261,0.783886979769222,10,1.10801362741011
"IL6","IL6R","Signaling by Interleukin","ligand","L1",2.64273841712663,2.55756849084334,0.884519175537716,10,0.967772093624049
"IL6","IL6R","Signaling by Interleukin","ligand","L2",2.64273841712663,2.93103032427063,0.884519175537716,10,1.10908832492678
"IL6","IL6R","Signaling by Interleukin","ligand","L3",2.64273841712663,2.76703990433363,0.884519175537716,10,1.0470351081293
"IL6","IL6R","Signaling by Interleukin","ligand","L4",2.64273841712663,1.8072096088423,0.884519175537716,10,0.683839761487718
"IL6","IL6R","Signaling by Interleukin","ligand","L5",2.64273841712663,2.84576672297167,0.884519175537716,10,1.07682497235795
"IL6","IL6R","Signaling by Interleukin","ligand","L6",2.64273841712663,2.84021147895423,0.884519175537716,10,1.07472289370293
"IL6","IL6R","Signaling by Interleukin","ligand","L7",2.64273841712663,2.71766877369293,0.884519175537716,10,1.02835330053126
"IL6","IL6R","Signaling by Interleukin","ligand","L8",2.64273841712663,2.93367839746755,0.884519175537716,10,1.1100903435828
"IL6","IL6R","Signaling by Interleukin","ligand","L9",2.64273841712663,2.87052554063905,0.884519175537716,10,1.08619359450645
"IL6","IL6R","Signaling by Interleukin","ligand","L10",2.64273841712663,2.69061354686288,0.884519175537716,10,1.01811572777161
"IL6","IL6R","Signaling by Interleukin","receptor","R1",0.884519175537716,0.758356993292386,2.64273841712663,10,0.857366368379031
"IL6","IL6R","Signaling by Interleukin","receptor","R2",0.884519175537716,0.96633044302552,2.64273841712663,10,1.09249236166991
"IL6","IL6R","Signaling by Interleukin","receptor","R3",0.884519175537716,0.915663669311865,2.64273841712663,10,1.03521064849184
"IL6","IL6R","Signaling by Interleukin","receptor","R4",0.884519175537716,0.969176809687975,2.64273841712663,10,1.09571034353076
"IL6","IL6R","Signaling by Interleukin","receptor","R5",0.884519175537716,0.984012314832361,2.64273841712663,10,1.11248273869717
"IL6","IL6R","Signaling by Interleukin","receptor","R6",0.884519175537716,0.8807057586705,2.64273841712663,10,0.995688712045279
"IL6","IL6R","Signaling by Interleukin","receptor","R7",0.884519175537716,0.983014619797559,2.64273841712663,10,1.11135478685351
"IL6","IL6R","Signaling by Interleukin","receptor","R8",0.884519175537716,0.983054630675838,2.64273841712663,10,1.11140002146163
"IL6","IL6R","Signaling by Interleukin","receptor","R9",0.884519175537716,0.830443346933273,2.64273841712663,10,0.938864153429383
"IL6","IL6R","Signaling by Interleukin","receptor","R10",0.884519175537716,0.982150847446751,2.64273841712663,10,1.11037824233679
"IL6","IL6ST","Signaling by Interleukin","ligand","L1",2.64273841712663,2.55756849084334,2.01823863270044,10,0.967772093624049
"IL6","IL6ST","Signaling by Interleukin","ligand","L2",2.64273841712663,2.93103032427063,2.01823863270044,10,1.10908832492678
"IL6","IL6ST","Signaling by Interleukin","ligand","L3",2.64273841712663,2.76703990433363,2.01823863270044,10,1.0470351081293
"IL6","IL6ST","Signaling by Interleukin","ligand","L4",2.64273841712663,1.8072096088423,2.01823863270044,10,0.683839761487718
"IL6","IL6ST","Signaling by Interleukin","ligand","L5",2.64273841712663,2.84576672297167,2.01823863270044,10,1.07682497235795
"IL6","IL6ST","Signaling by Interleukin","ligand","L6",2.64273841712663,2.84021147895423,2.01823863270044,10,1.07472289370293
"IL6","IL6ST","Signaling by Interleukin","ligand","L7",2.64273841712663,2.71766877369293,2.01823863270044,10,1.02835330053126
"IL6","IL6ST","Signaling by Interleukin","ligand","L8",2.64273841712663,2.93367839746755,2.01823863270044,10,1.1100903435828
"IL6","IL6ST","Signaling by Interleukin","ligand","L9",2.64273841712663,2.87052554063905,2.01823863270044,10,1.08619359450645
"IL6","IL6ST","Signaling by Interleukin","ligand","L10",2.64273841712663,2.69061354686288,2.01823863270044,10,1.01811572777161
"IL6","IL6ST","Signaling by Interleukin","receptor","R1",2.01823863270044,2.13688617219724,2.64273841712663,10,1.05878766642082
"IL6","IL6ST","Signaling by Interleukin","receptor","R2",2.01823863270044,2.2017272585496,2.64273841712663,10,1.0909152281976
"IL6","IL6ST","Signaling by Interleukin","receptor","R3",2.01823863270044,2.10455704792827,2.64273841712663,10,1.042769181914
"IL6","IL6ST","Signaling by Interleukin","receptor","R4",2.01823863270044,1.82302405513235,2.64273841712663,10,0.903274779104348
"IL6","IL6ST","Signaling by Interleukin","receptor","R5",2.01823863270044,1.85381770789081,2.64273841712663,10,0.91853246581172
"IL6","IL6ST","Signaling by Interleukin","receptor","R6",2.01823863270044,2.23504909334128,2.64273841712663,10,1.10742558244996
"IL6","IL6ST","Signaling by Interleukin","receptor","R7",2.01823863270044,1.97634087041164,2.64273841712663,10,0.979240431924178
"IL6","IL6ST","Signaling by Interleukin","receptor","R8",2.01823863270044,2.23028978297637,2.64273841712663,10,1.10506743198757
"IL6","IL6ST","Signaling by Interleukin","receptor","R9",2.01823863270044,2.18474945402773,2.64273841712663,10,1.08250303934798
"IL6","IL6ST","Signaling by Interleukin","receptor","R10",2.01823863270044,1.95884808379044,2.64273841712663,10,0.970573078947296
"CLEC2B","KLRF1","Signaling by Leptin","ligand","L1",2.48720655909484,2.32648982600932,2.21960513717201,10,0.935382635391566
"CLEC2B","KLRF1","Signaling by Leptin","ligand","L2",2.48720655909484,2.63439098772345,2.21960513717201,10,1.05917660038745
"CLEC2B","KLRF1","Signaling by Leptin","ligand","L3",2.48720655909484,2.74284344728769,2.21960513717201,10,1.10278072291908
"CLEC2B","KLRF1","Signaling by Leptin","ligand","L4",2.48720655909484,2.76524884543752,2.21960513717201,10,1.11178898082508
"CLEC2B","KLRF1","Signaling by Leptin","ligand","L5",2.48720655909484,2.64915485902977,2.21960513717201,10,1.06511252527167
"CLEC2B","KLRF1","Signaling by Leptin","ligand","L6",2.48720655909484,2.75435323264275,2.21960513717201,10,1.10740831820785
"CLEC2B","KLRF1","Signaling by Leptin","ligand","L7",2.48720655909484,2.63665215039881,2.21960513717201,10,1.06008571775332
"CLEC2B","KLRF1","Signaling by Leptin","ligand","L8",2.48720655909484,2.55908708476445,2.21960513717201,10,1.02890010297165
"CLEC2B","KLRF1","Signaling by Leptin","ligand","L9",2.48720655909484,2.75510010298151,2.21960513717201,10,1.10770860301372
"CLEC2B","KLRF1","Signaling by Leptin","ligand","L10",2.48720655909484,2.74497179165011,2.21960513717201,10,1.10363643968882
"CLEC2B","KLRF1","Signaling by Leptin","receptor","R1",2.21960513717201,2.22451988002682,2.48720655909484,10,1.00221424197146
"CLEC2B","KLRF1","Signaling by Leptin","receptor","R2",2.21960513717201,2.43389279516606,2.48720655909484,10,1.0965431438256
"CLEC2B","KLRF1","Signaling by Leptin","receptor","R3",2.21960513717201,2.21253849930723,2.48720655909484,10,0.996816263511721
"CLEC2B","KLRF1","Signaling by Leptin","receptor","R4",2.21960513717201,2.18595130670051,2.48720655909484,10,0.984837920084118
"CLEC2B","KLRF1","Signaling by Leptin","receptor","R5",2.21960513717201,2.3622680747483,2.48720655909484,10,1.06427401666499
"CLEC2B","KLRF1","Signaling by Leptin","receptor","R6",2.21960513717201,2.16807012549059,2.48720655909484,10,0.976781901060526
"CLEC2B","KLRF1","Signaling by Leptin","receptor","R7",2.21960513717201,2.43780391528162,2.48720655909484,10,1.09830522305765
"CLEC2B","KLRF1","Signaling by Leptin","receptor","R8",2.21960513717201,2.44512069482041,2.48720655909484,10,1.10160165602055
"CLEC2B","KLRF1","Signaling by Leptin","receptor","R9",2.21960513717201,2.47000522863501,2.48720655909484,10,1.11281289958719
"CLEC2B","KLRF1","Signaling by Leptin","receptor","R10",2.21960513717201,2.39207376320861,2.48720655909484,10,1.077702390911
"AKR1C3","PTGDR","Signaling by Prostaglandin","ligand","L1",2.46577129793782,2.03015118785877,1.46972960495799,10,0.823333124834664
"AKR1C3","PTGDR","Signaling by Prostaglandin","ligand","L2",2.46577129793782,2.66628284464992,1.46972960495799,10,1.08131798227994
"AKR1C3","PTGDR","Signaling by Prostaglandin","ligand","L3",2.46577129793782,2.66953369624279,1.46972960495799,10,1.08263637364721
"AKR1C3","PTGDR","Signaling by Prostaglandin","ligand","L4",2.46577129793782,2.55560895586606,1.46972960495799,10,1.03643389717585
"AKR1C3","PTGDR","Signaling by Prostaglandin","ligand","L5",2.46577129793782,2.64395353833043,1.46972960495799,10,1.07226227369165
"AKR1C3","PTGDR","Signaling by Prostaglandin","ligand","L6",2.46577129793782,2.63908502890056,1.46972960495799,10,1.07028783695701
"AKR1C3","PTGDR","Signaling by Prostaglandin","ligand","L7",2.46577129793782,2.48976633846648,1.46972960495799,10,1.00973125145415
"AKR1C3","PTGDR","Signaling by Prostaglandin","ligand","L8",2.46577129793782,2.60583659245803,1.46972960495799,10,1.05680384658437
"AKR1C3","PTGDR","Signaling by Prostaglandin","ligand","L9",2.46577129793782,2.60727715416077,1.46972960495799,10,1.05738807015123
"AKR1C3","PTGDR","Signaling by Prostaglandin","ligand","L10",2.46577129793782,2.74224842773213,1.46972960495799,10,1.11212602321453
"AKR1C3","PTGDR","Signaling by Prostaglandin","receptor","R1",1.46972960495799,1.34378689967639,2.46577129793782,10,0.914308928079871
"AKR1C3","PTGDR","Signaling by Prostaglandin","receptor","R2",1.46972960495799,1.39997493396689,2.46577129793782,10,0.952539112802936
"AKR1C3","PTGDR","Signaling by Prostaglandin","receptor","R3",1.46972960495799,1.43175083757574,2.46577129793782,10,0.974159350635562
"AKR1C3","PTGDR","Signaling by Prostaglandin","receptor","R4",1.46972960495799,1.16776322175168,2.46577129793782,10,0.79454289946419
"AKR1C3","PTGDR","Signaling by Prostaglandin","receptor","R5",1.46972960495799,1.49002313830302,2.46577129793782,10,1.01380766453678
"AKR1C3","PTGDR","Signaling by Prostaglandin","receptor","R6",1.46972960495799,1.55334374745451,2.46577129793782,10,1.05689083367067
"AKR1C3","PTGDR","Signaling by Prostaglandin","receptor","R7",1.46972960495799,1.61088436565853,2.46577129793782,10,1.09604131278595
"AKR1C3","PTGDR","Signaling by Prostaglandin","receptor","R8",1.46972960495799,1.47094382455771,2.46577129793782,10,1.00082615169186
"AKR1C3","PTGDR","Signaling by Prostaglandin","receptor","R9",1.46972960495799,1.44173340905378,2.46577129793782,10,0.980951464943097
"AKR1C3","PTGDR","Signaling by Prostaglandin","receptor","R10",1.46972960495799,1.62465646711747,2.46577129793782,10,1.10541181291909
"PTGES2","PTGER2","Signaling by Prostaglandin","ligand","L1",0.179117647070796,0.166490504949698,1.64623147012753,8,0.929503640051125
"PTGES2","PTGER2","Signaling by Prostaglandin","ligand","L2",0.179117647070796,0.159210725570131,1.64623147012753,8,0.888861193599775
"PTGES2","PTGER2","Signaling by Prostaglandin","ligand","L3",0.179117647070796,0.165082688493127,1.64623147012753,8,0.921643909423836
"PTGES2","PTGER2","Signaling by Prostaglandin","ligand","L4",0.179117647070796,0.181596362373902,1.64623147012753,8,1.01383847623973
"PTGES2","PTGER2","Signaling by Prostaglandin","ligand","L5",0.179117647070796,0.18199171470057,1.64623147012753,8,1.01604569776778
"PTGES2","PTGER2","Signaling by Prostaglandin","ligand","L6",0.179117647070796,0.20500565893342,1.64623147012753,8,1.14453077229399
"PTGES2","PTGER2","Signaling by Prostaglandin","ligand","L7",0.179117647070796,0.204775024945781,1.64623147012753,8,1.14324316054042
"PTGES2","PTGER2","Signaling by Prostaglandin","ligand","L8",0.179117647070796,0.174583450459067,1.64623147012753,8,0.974685930248196
"PTGES2","PTGER2","Signaling by Prostaglandin","receptor","R1",1.64623147012753,1.63995687048434,0.179117647070796,10,0.996188507049557
"PTGES2","PTGER2","Signaling by Prostaglandin","receptor","R2",1.64623147012753,1.42272920578198,0.179117647070796,10,0.864233998437515
"PTGES2","PTGER2","Signaling by Prostaglandin","receptor","R3",1.64623147012753,1.46684581802134,0.179117647070796,10,0.891032545932139
"PTGES2","PTGER2","Signaling by Prostaglandin","receptor","R4",1.64623147012753,1.67244962897753,0.179117647070796,10,1.0159261679331
"PTGES2","PTGER2","Signaling by Prostaglandin","receptor","R5",1.64623147012753,1.72548854550169,0.179117647070796,10,1.04814455124468
"PTGES2","PTGER2","Signaling by Prostaglandin","receptor","R6",1.64623147012753,1.81169646121658,0.179117647070796,10,1.10051137649327
"PTGES2","PTGER2","Signaling by Prostaglandin","receptor","R7",1.64623147012753,1.73423279469602,0.179117647070796,10,1.05345622785456
"PTGES2","PTGER2","Signaling by Prostaglandin","receptor","R8",1.64623147012753,1.4286588097145,0.179117647070796,10,0.867835924436452
"PTGES2","PTGER2","Signaling by Prostaglandin","receptor","R9",1.64623147012753,1.45710189174442,0.179117647070796,10,0.885113617486334
"PTGES2","PTGER2","Signaling by Prostaglandin","receptor","R10",1.64623147012753,1.80520365461436,0.179117647070796,10,1.09656733416384
"PTGES2","PTGER4","Signaling by Prostaglandin","ligand","L1",0.179117647070796,0.166490504949698,1.04681854570709,8,0.929503640051125
"PTGES2","PTGER4","Signaling by Prostaglandin","ligand","L2",0.179117647070796,0.159210725570131,1.04681854570709,8,0.888861193599775
"PTGES2","PTGER4","Signaling by Prostaglandin","ligand","L3",0.179117647070796,0.165082688493127,1.04681854570709,8,0.921643909423836
"PTGES2","PTGER4","Signaling by Prostaglandin","ligand","L4",0.179117647070796,0.181596362373902,1.04681854570709,8,1.01383847623973
"PTGES2","PTGER4","Signaling by Prostaglandin","ligand","L5",0.179117647070796,0.18199171470057,1.04681854570709,8,1.01604569776778
"PTGES2","PTGER4","Signaling by Prostaglandin","ligand","L6",0.179117647070796,0.20500565893342,1.04681854570709,8,1.14453077229399
"PTGES2","PTGER4","Signaling by Prostaglandin","ligand","L7",0.179117647070796,0.204775024945781,1.04681854570709,8,1.14324316054042
"PTGES2","PTGER4","Signaling by Prostaglandin","ligand","L8",0.179117647070796,0.174583450459067,1.04681854570709,8,0.974685930248196
"PTGES2","PTGER4","Signaling by Prostaglandin","receptor","R1",1.04681854570709,0.877221459709517,0.179117647070796,9,0.837988076641288
"PTGES2","PTGER4","Signaling by Prostaglandin","receptor","R2",1.04681854570709,0.717213350819618,0.179117647070796,9,0.685136267179106
"PTGES2","PTGER4","Signaling by Prostaglandin","receptor","R3",1.04681854570709,1.09396294891299,0.179117647070796,9,1.0450358884061
"PTGES2","PTGER4","Signaling by Prostaglandin","receptor","R4",1.04681854570709,1.09518933998619,0.179117647070796,9,1.04620742962327
"PTGES2","PTGER4","Signaling by Prostaglandin","receptor","R5",1.04681854570709,1.11419739492452,0.179117647070796,9,1.06436535681732
"PTGES2","PTGER4","Signaling by Prostaglandin","receptor","R6",1.04681854570709,0.865155139563087,0.179117647070796,9,0.826461417894256
"PTGES2","PTGER4","Signaling by Prostaglandin","receptor","R7",1.04681854570709,1.17795156767956,0.179117647070796,9,1.12526814939441
"PTGES2","PTGER4","Signaling by Prostaglandin","receptor","R8",1.04681854570709,1.1065381662668,0.179117647070796,9,1.05704868413405
"PTGES2","PTGER4","Signaling by Prostaglandin","receptor","R9",1.04681854570709,1.16930500245049,0.179117647070796,9,1.11700829837769
"PTGES3","PTGER2","Signaling by Prostaglandin","ligand","L1",0.265649959550661,0.317827365848276,1.64623147012753,3,1.19641413228849
"PTGES3","PTGER2","Signaling by Prostaglandin","ligand","L2",0.265649959550661,0.327154054954333,1.64623147012753,3,1.23152307460428
"PTGES3","PTGER2","Signaling by Prostaglandin","ligand","L3",0.265649959550661,0.307164895704175,1.64623147012753,3,1.15627683973201
"PTGES3","PTGER2","Signaling by Prostaglandin","receptor","R1",1.64623147012753,1.63995687048434,0.265649959550661,10,0.996188507049557
"PTGES3","PTGER2","Signaling by Prostaglandin","receptor","R2",1.64623147012753,1.42272920578198,0.265649959550661,10,0.864233998437515
"PTGES3","PTGER2","Signaling by Prostaglandin","receptor","R3",1.64623147012753,1.46684581802134,0.265649959550661,10,0.891032545932139
"PTGES3","PTGER2","Signaling by Prostaglandin","receptor","R4",1.64623147012753,1.67244962897753,0.265649959550661,10,1.0159261679331
"PTGES3","PTGER2","Signaling by Prostaglandin","receptor","R5",1.64623147012753,1.72548854550169,0.265649959550661,10,1.04814455124468
"PTGES3","PTGER2","Signaling by Prostaglandin","receptor","R6",1.64623147012753,1.81169646121658,0.265649959550661,10,1.10051137649327
"PTGES3","PTGER2","Signaling by Prostaglandin","receptor","R7",1.64623147012753,1.73423279469602,0.265649959550661,10,1.05345622785456
"PTGES3","PTGER2","Signaling by Prostaglandin","receptor","R8",1.64623147012753,1.4286588097145,0.265649959550661,10,0.867835924436452
"PTGES3","PTGER2","Signaling by Prostaglandin","receptor","R9",1.64623147012753,1.45710189174442,0.265649959550661,10,0.885113617486334
"PTGES3","PTGER2","Signaling by Prostaglandin","receptor","R10",1.64623147012753,1.80520365461436,0.265649959550661,10,1.09656733416384
"PTGES3","PTGER4","Signaling by Prostaglandin","ligand","L1",0.265649959550661,0.317827365848276,1.04681854570709,3,1.19641413228849
"PTGES3","PTGER4","Signaling by Prostaglandin","ligand","L2",0.265649959550661,0.327154054954333,1.04681854570709,3,1.23152307460428
"PTGES3","PTGER4","Signaling by Prostaglandin","ligand","L3",0.265649959550661,0.307164895704175,1.04681854570709,3,1.15627683973201
"PTGES3","PTGER4","Signaling by Prostaglandin","receptor","R1",1.04681854570709,0.877221459709517,0.265649959550661,9,0.837988076641288
"PTGES3","PTGER4","Signaling by Prostaglandin","receptor","R2",1.04681854570709,0.717213350819618,0.265649959550661,9,0.685136267179106
"PTGES3","PTGER4","Signaling by Prostaglandin","receptor","R3",1.04681854570709,1.09396294891299,0.265649959550661,9,1.0450358884061
"PTGES3","PTGER4","Signaling by Prostaglandin","receptor","R4",1.04681854570709,1.09518933998619,0.265649959550661,9,1.04620742962327
"PTGES3","PTGER4","Signaling by Prostaglandin","receptor","R5",1.04681854570709,1.11419739492452,0.265649959550661,9,1.06436535681732
"PTGES3","PTGER4","Signaling by Prostaglandin","receptor","R6",1.04681854570709,0.865155139563087,0.265649959550661,9,0.826461417894256
"PTGES3","PTGER4","Signaling by Prostaglandin","receptor","R7",1.04681854570709,1.17795156767956,0.265649959550661,9,1.12526814939441
"PTGES3","PTGER4","Signaling by Prostaglandin","receptor","R8",1.04681854570709,1.1065381662668,0.265649959550661,9,1.05704868413405
"PTGES3","PTGER4","Signaling by Prostaglandin","receptor","R9",1.04681854570709,1.16930500245049,0.265649959550661,9,1.11700829837769
"SEMA4A","PLXND1","Signaling by Semaphorin","ligand","L1",1.38363727063925,0.782301722025577,1.88943471031003,2,0.565395092070734
"SEMA4A","PLXND1","Signaling by Semaphorin","ligand","L2",1.38363727063925,2.03208133677516,1.88943471031003,2,1.46865177738117
"SEMA4A","PLXND1","Signaling by Semaphorin","receptor","R1",1.88943471031003,1.58554433882645,1.38363727063925,10,0.83916333820621
"SEMA4A","PLXND1","Signaling by Semaphorin","receptor","R2",1.88943471031003,2.09112134692973,1.38363727063925,10,1.10674443288205
"SEMA4A","PLXND1","Signaling by Semaphorin","receptor","R3",1.88943471031003,2.07630943785309,1.38363727063925,10,1.09890509924654
"SEMA4A","PLXND1","Signaling by Semaphorin","receptor","R4",1.88943471031003,1.89037662327471,1.38363727063925,10,1.00049851575159
"SEMA4A","PLXND1","Signaling by Semaphorin","receptor","R5",1.88943471031003,1.94988123393171,1.38363727063925,10,1.03199185623713
"SEMA4A","PLXND1","Signaling by Semaphorin","receptor","R6",1.88943471031003,2.09292720360796,1.38363727063925,10,1.10770019847076
"SEMA4A","PLXND1","Signaling by Semaphorin","receptor","R7",1.88943471031003,2.10219633470999,1.38363727063925,10,1.11260596793262
"SEMA4A","PLXND1","Signaling by Semaphorin","receptor","R8",1.88943471031003,2.1016602614901,1.38363727063925,10,1.11232224644864
"SEMA4A","PLXND1","Signaling by Semaphorin","receptor","R9",1.88943471031003,2.06116630227043,1.38363727063925,10,1.0908904610587
"SEMA4A","PLXND1","Signaling by Semaphorin","receptor","R10",1.88943471031003,2.0431892219194,1.38363727063925,10,1.08137593258469
"SEMA4C","PLXNB2","Signaling by Semaphorin","ligand","L1",0.438244800285894,0.491105555182788,2.24399517395348,9,1.12061924034788
"SEMA4C","PLXNB2","Signaling by Semaphorin","ligand","L2",0.438244800285894,0.456837258116059,2.24399517395348,9,1.04242482242353
"SEMA4C","PLXNB2","Signaling by Semaphorin","ligand","L3",0.438244800285894,0.188832826455036,2.24399517395348,9,0.430884351238963
"SEMA4C","PLXNB2","Signaling by Semaphorin","ligand","L4",0.438244800285894,0.146676980239137,2.24399517395348,9,0.334691889426756
"SEMA4C","PLXNB2","Signaling by Semaphorin","ligand","L5",0.438244800285894,0.480104364170655,2.24399517395348,9,1.09551639599022
"SEMA4C","PLXNB2","Signaling by Semaphorin","ligand","L6",0.438244800285894,0.174032210652387,2.24399517395348,9,0.397111866561462
"SEMA4C","PLXNB2","Signaling by Semaphorin","ligand","L7",0.438244800285894,0.48085788494592,2.24399517395348,9,1.09723580207278
"SEMA4C","PLXNB2","Signaling by Semaphorin","ligand","L8",0.438244800285894,0.490769289399037,2.24399517395348,9,1.11985193909632
"SEMA4C","PLXNB2","Signaling by Semaphorin","ligand","L9",0.438244800285894,0.493721044664397,2.24399517395348,9,1.12658734192011
"SEMA4C","PLXNB2","Signaling by Semaphorin","receptor","R1",2.24399517395348,1.75763714947112,0.438244800285894,10,0.783262446315562
"SEMA4C","PLXNB2","Signaling by Semaphorin","receptor","R2",2.24399517395348,2.44574299533177,0.438244800285894,10,1.08990563960209
"SEMA4C","PLXNB2","Signaling by Semaphorin","receptor","R3",2.24399517395348,2.18534444054671,0.438244800285894,10,0.973863253322674
"SEMA4C","PLXNB2","Signaling by Semaphorin","receptor","R4",2.24399517395348,2.35724196177804,0.438244800285894,10,1.05046659152348
"SEMA4C","PLXNB2","Signaling by Semaphorin","receptor","R5",2.24399517395348,2.49668656135395,0.438244800285894,10,1.1126078123222
"SEMA4C","PLXNB2","Signaling by Semaphorin","receptor","R6",2.24399517395348,2.3587227549571,0.438244800285894,10,1.05112648295116
"SEMA4C","PLXNB2","Signaling by Semaphorin","receptor","R7",2.24399517395348,2.37147942767859,0.438244800285894,10,1.05681128694252
"SEMA4C","PLXNB2","Signaling by Semaphorin","receptor","R8",2.24399517395348,2.46597885449114,0.438244800285894,10,1.09892342154487
"SEMA4C","PLXNB2","Signaling by Semaphorin","receptor","R9",2.24399517395348,2.03495533636373,0.438244800285894,10,0.906844791817685
"SEMA4C","PLXNB2","Signaling by Semaphorin","receptor","R10",2.24399517395348,2.45908804849175,0.438244800285894,10,1.09585264577879
"SEMA4D","CD72","Signaling by Semaphorin","ligand","L1",4.37168548810905,4.50975888123932,0.202233517991522,10,1.03158356050677
"SEMA4D","CD72","Signaling by Semaphorin","ligand","L2",4.37168548810905,4.77725434820597,0.202233517991522,10,1.09277173785719
"SEMA4D","CD72","Signaling by Semaphorin","ligand","L3",4.37168548810905,4.66559934340797,0.202233517991522,10,1.06723124435607
"SEMA4D","CD72","Signaling by Semaphorin","ligand","L4",4.37168548810905,4.80313581779556,0.202233517991522,10,1.09869198753205
"SEMA4D","CD72","Signaling by Semaphorin","ligand","L5",4.37168548810905,4.8386444441988,0.202233517991522,10,1.10681439855632
"SEMA4D","CD72","Signaling by Semaphorin","ligand","L6",4.37168548810905,4.67539162839301,0.202233517991522,10,1.06947117790382
"SEMA4D","CD72","Signaling by Semaphorin","ligand","L7",4.37168548810905,4.85642669088777,0.202233517991522,10,1.11088199370637
"SEMA4D","CD72","Signaling by Semaphorin","ligand","L8",4.37168548810905,4.18194725288048,0.202233517991522,10,0.956598379333404
"SEMA4D","CD72","Signaling by Semaphorin","ligand","L9",4.37168548810905,4.82651175624932,0.202233517991522,10,1.10403911017327
"SEMA4D","CD72","Signaling by Semaphorin","ligand","L10",4.37168548810905,4.86103242341849,0.202233517991522,10,1.11193553073305
"SEMA4D","CD72","Signaling by Semaphorin","receptor","R1",0.202233517991522,0.014802059651584,4.37168548810905,3,0.0731929098528786
"SEMA4D","CD72","Signaling by Semaphorin","receptor","R2",0.202233517991522,0.286855260897848,4.37168548810905,3,1.41843579514783
"SEMA4D","CD72","Signaling by Semaphorin","receptor","R3",0.202233517991522,0.303562164889153,4.37168548810905,3,1.50104773879214
"SEMA4D","PLXNB2","Signaling by Semaphorin","ligand","L1",4.37168548810905,4.50975888123932,2.24399517395348,10,1.03158356050677
"SEMA4D","PLXNB2","Signaling by Semaphorin","ligand","L2",4.37168548810905,4.77725434820597,2.24399517395348,10,1.09277173785719
"SEMA4D","PLXNB2","Signaling by Semaphorin","ligand","L3",4.37168548810905,4.66559934340797,2.24399517395348,10,1.06723124435607
"SEMA4D","PLXNB2","Signaling by Semaphorin","ligand","L4",4.37168548810905,4.80313581779556,2.24399517395348,10,1.09869198753205
"SEMA4D","PLXNB2","Signaling by Semaphorin","ligand","L5",4.37168548810905,4.8386444441988,2.24399517395348,10,1.10681439855632
"SEMA4D","PLXNB2","Signaling by Semaphorin","ligand","L6",4.37168548810905,4.67539162839301,2.24399517395348,10,1.06947117790382
"SEMA4D","PLXNB2","Signaling by Semaphorin","ligand","L7",4.37168548810905,4.85642669088777,2.24399517395348,10,1.11088199370637
"SEMA4D","PLXNB2","Signaling by Semaphorin","ligand","L8",4.37168548810905,4.18194725288048,2.24399517395348,10,0.956598379333404
"SEMA4D","PLXNB2","Signaling by Semaphorin","ligand","L9",4.37168548810905,4.82651175624932,2.24399517395348,10,1.10403911017327
"SEMA4D","PLXNB2","Signaling by Semaphorin","ligand","L10",4.37168548810905,4.86103242341849,2.24399517395348,10,1.11193553073305
"SEMA4D","PLXNB2","Signaling by Semaphorin","receptor","R1",2.24399517395348,1.75763714947112,4.37168548810905,10,0.783262446315562
"SEMA4D","PLXNB2","Signaling by Semaphorin","receptor","R2",2.24399517395348,2.44574299533177,4.37168548810905,10,1.08990563960209
"SEMA4D","PLXNB2","Signaling by Semaphorin","receptor","R3",2.24399517395348,2.18534444054671,4.37168548810905,10,0.973863253322674
"SEMA4D","PLXNB2","Signaling by Semaphorin","receptor","R4",2.24399517395348,2.35724196177804,4.37168548810905,10,1.05046659152348
"SEMA4D","PLXNB2","Signaling by Semaphorin","receptor","R5",2.24399517395348,2.49668656135395,4.37168548810905,10,1.1126078123222
"SEMA4D","PLXNB2","Signaling by Semaphorin","receptor","R6",2.24399517395348,2.3587227549571,4.37168548810905,10,1.05112648295116
"SEMA4D","PLXNB2","Signaling by Semaphorin","receptor","R7",2.24399517395348,2.37147942767859,4.37168548810905,10,1.05681128694252
"SEMA4D","PLXNB2","Signaling by Semaphorin","receptor","R8",2.24399517395348,2.46597885449114,4.37168548810905,10,1.09892342154487
"SEMA4D","PLXNB2","Signaling by Semaphorin","receptor","R9",2.24399517395348,2.03495533636373,4.37168548810905,10,0.906844791817685
"SEMA4D","PLXNB2","Signaling by Semaphorin","receptor","R10",2.24399517395348,2.45908804849175,4.37168548810905,10,1.09585264577879
"SEMA4D","PTPRC","Signaling by Semaphorin","ligand","L1",4.37168548810905,4.50975888123932,2.61168315864948,10,1.03158356050677
"SEMA4D","PTPRC","Signaling by Semaphorin","ligand","L2",4.37168548810905,4.77725434820597,2.61168315864948,10,1.09277173785719
"SEMA4D","PTPRC","Signaling by Semaphorin","ligand","L3",4.37168548810905,4.66559934340797,2.61168315864948,10,1.06723124435607
"SEMA4D","PTPRC","Signaling by Semaphorin","ligand","L4",4.37168548810905,4.80313581779556,2.61168315864948,10,1.09869198753205
"SEMA4D","PTPRC","Signaling by Semaphorin","ligand","L5",4.37168548810905,4.8386444441988,2.61168315864948,10,1.10681439855632
"SEMA4D","PTPRC","Signaling by Semaphorin","ligand","L6",4.37168548810905,4.67539162839301,2.61168315864948,10,1.06947117790382
"SEMA4D","PTPRC","Signaling by Semaphorin","ligand","L7",4.37168548810905,4.85642669088777,2.61168315864948,10,1.11088199370637
"SEMA4D","PTPRC","Signaling by Semaphorin","ligand","L8",4.37168548810905,4.18194725288048,2.61168315864948,10,0.956598379333404
"SEMA4D","PTPRC","Signaling by Semaphorin","ligand","L9",4.37168548810905,4.82651175624932,2.61168315864948,10,1.10403911017327
"SEMA4D","PTPRC","Signaling by Semaphorin","ligand","L10",4.37168548810905,4.86103242341849,2.61168315864948,10,1.11193553073305
"SEMA4D","PTPRC","Signaling by Semaphorin","receptor","R1",2.61168315864948,2.56977999218129,4.37168548810905,10,0.983955493862489
"SEMA4D","PTPRC","Signaling by Semaphorin","receptor","R2",2.61168315864948,2.74578401099758,4.37168548810905,10,1.05134652413865
"SEMA4D","PTPRC","Signaling by Semaphorin","receptor","R3",2.61168315864948,2.6344019500081,4.37168548810905,10,1.00869890793735
"SEMA4D","PTPRC","Signaling by Semaphorin","receptor","R4",2.61168315864948,2.67516507101926,4.37168548810905,10,1.02430689655425
"SEMA4D","PTPRC","Signaling by Semaphorin","receptor","R5",2.61168315864948,2.77598601475097,4.37168548810905,10,1.06291071547379
"SEMA4D","PTPRC","Signaling by Semaphorin","receptor","R6",2.61168315864948,2.6526471525688,4.37168548810905,10,1.01568490181654
"SEMA4D","PTPRC","Signaling by Semaphorin","receptor","R7",2.61168315864948,2.9063572519415,4.37168548810905,10,1.11282918922079
"SEMA4D","PTPRC","Signaling by Semaphorin","receptor","R8",2.61168315864948,2.90364336425109,4.37168548810905,10,1.11179005563316
"SEMA4D","PTPRC","Signaling by Semaphorin","receptor","R9",2.61168315864948,2.83476742543154,4.37168548810905,10,1.08541781419513
"SEMA4D","PTPRC","Signaling by Semaphorin","receptor","R10",2.61168315864948,2.85609240631632,4.37168548810905,10,1.09358303929686
"WNT7A","FZD3","Signaling by WNT","ligand","L1",1.6979235967646,1.8285759980179,2.29549391052743,10,1.07694833943192
"WNT7A","FZD3","Signaling by WNT","ligand","L2",1.6979235967646,1.87113112427796,2.29549391052743,10,1.10201137898279
"WNT7A","FZD3","Signaling by WNT","ligand","L3",1.6979235967646,1.86678174208253,2.29549391052743,10,1.09944979010816
"WNT7A","FZD3","Signaling by WNT","ligand","L4",1.6979235967646,1.8743909921696,2.29549391052743,10,1.10393129334044
"WNT7A","FZD3","Signaling by WNT","ligand","L5",1.6979235967646,1.83566401733162,2.29549391052743,10,1.08112286137579
"WNT7A","FZD3","Signaling by WNT","ligand","L6",1.6979235967646,1.83119824679582,2.29549391052743,10,1.07849272504674
"WNT7A","FZD3","Signaling by WNT","ligand","L7",1.6979235967646,1.84950761580779,2.29549391052743,10,1.08927611309015
"WNT7A","FZD3","Signaling by WNT","ligand","L8",1.6979235967646,1.70491634121796,2.29549391052743,10,1.00411840937171
"WNT7A","FZD3","Signaling by WNT","ligand","L9",1.6979235967646,1.83608089869467,2.29549391052743,10,1.08136838559364
"WNT7A","FZD3","Signaling by WNT","ligand","L10",1.6979235967646,1.8523055090213,2.29549391052743,10,1.09092394531231
"WNT7A","FZD3","Signaling by WNT","receptor","R1",2.29549391052743,1.96601581618214,1.6979235967646,10,0.85646745006194
"WNT7A","FZD3","Signaling by WNT","receptor","R2",2.29549391052743,2.25831157837599,1.6979235967646,10,0.983802034071658
"WNT7A","FZD3","Signaling by WNT","receptor","R3",2.29549391052743,2.20040055693175,1.6979235967646,10,0.958573902914935
"WNT7A","FZD3","Signaling by WNT","receptor","R4",2.29549391052743,2.39660654605189,1.6979235967646,10,1.04404831355062
"WNT7A","FZD3","Signaling by WNT","receptor","R5",2.29549391052743,2.42574736997601,1.6979235967646,10,1.05674310824839
"WNT7A","FZD3","Signaling by WNT","receptor","R6",2.29549391052743,2.41240771052858,1.6979235967646,10,1.05093187111713
"WNT7A","FZD3","Signaling by WNT","receptor","R7",2.29549391052743,2.24007919926687,1.6979235967646,10,0.97585935166004
"WNT7A","FZD3","Signaling by WNT","receptor","R8",2.29549391052743,2.51320407149829,1.6979235967646,10,1.09484240405623
"WNT7A","FZD3","Signaling by WNT","receptor","R9",2.29549391052743,2.42832349974714,1.6979235967646,10,1.05786536335842
"WNT7A","FZD3","Signaling by WNT","receptor","R10",2.29549391052743,2.42303250701104,1.6979235967646,10,1.05556041595175
"ITGAV","ADGRE2","Signaling by Integrin","ligand","L1",0.947632671952149,0.731119622692473,4.92721058541427,10,0.771522177666529
"ITGAV","ADGRE2","Signaling by Integrin","ligand","L2",0.947632671952149,0.918619541625902,4.92721058541427,10,0.969383568987254
"ITGAV","ADGRE2","Signaling by Integrin","ligand","L3",0.947632671952149,0.728221576959203,4.92721058541427,10,0.768463982419525
"ITGAV","ADGRE2","Signaling by Integrin","ligand","L4",0.947632671952149,1.01988889441254,4.92721058541427,10,1.07624918874055
"ITGAV","ADGRE2","Signaling by Integrin","ligand","L5",0.947632671952149,1.03670962021531,4.92721058541427,10,1.09399944820355
"ITGAV","ADGRE2","Signaling by Integrin","ligand","L6",0.947632671952149,1.02819873158693,4.92721058541427,10,1.08501823757175
"ITGAV","ADGRE2","Signaling by Integrin","ligand","L7",0.947632671952149,1.04476754244317,4.92721058541427,10,1.10250266096347
"ITGAV","ADGRE2","Signaling by Integrin","ligand","L8",0.947632671952149,1.04441871814277,4.92721058541427,10,1.10213456021017
"ITGAV","ADGRE2","Signaling by Integrin","ligand","L9",0.947632671952149,1.04467171738675,4.92721058541427,10,1.10240154049849
"ITGAV","ADGRE2","Signaling by Integrin","ligand","L10",0.947632671952149,1.01602255208091,4.92721058541427,10,1.07216918765356
"ITGAV","ADGRE2","Signaling by Integrin","receptor","R1",4.92721058541427,4.18478913950717,0.947632671952149,10,0.84932216047253
"ITGAV","ADGRE2","Signaling by Integrin","receptor","R2",4.92721058541427,4.105336612577,0.947632671952149,10,0.833196905512783
"ITGAV","ADGRE2","Signaling by Integrin","receptor","R3",4.92721058541427,5.19547471348152,0.947632671952149,10,1.05444543589458
"ITGAV","ADGRE2","Signaling by Integrin","receptor","R4",4.92721058541427,4.76063632657745,0.947632671952149,10,0.966192989735426
"ITGAV","ADGRE2","Signaling by Integrin","receptor","R5",4.92721058541427,5.38757877210283,0.947632671952149,10,1.0934338361854
"ITGAV","ADGRE2","Signaling by Integrin","receptor","R6",4.92721058541427,5.37992264322989,0.947632671952149,10,1.09187998969554
"ITGAV","ADGRE2","Signaling by Integrin","receptor","R7",4.92721058541427,5.38695220601709,0.947632671952149,10,1.09330667172289
"ITGAV","ADGRE2","Signaling by Integrin","receptor","R8",4.92721058541427,5.32798526342725,0.947632671952149,10,1.08133906011636
"ITGAV","ADGRE2","Signaling by Integrin","receptor","R9",4.92721058541427,5.39976421859459,0.947632671952149,10,1.0959069284717
"ITGAV","ADGRE2","Signaling by Integrin","receptor","R10",4.92721058541427,5.36303855206207,0.947632671952149,10,1.08845328590947
"ITGB1","ADGRE2","Signaling by Integrin","ligand","L1",2.32743244588334,1.62343111063584,4.92721058541427,10,0.697520185175427
"ITGB1","ADGRE2","Signaling by Integrin","ligand","L2",2.32743244588334,2.27071582066771,4.92721058541427,10,0.975631247507982
"ITGB1","ADGRE2","Signaling by Integrin","ligand","L3",2.32743244588334,2.06991608629514,4.92721058541427,10,0.889356032634294
"ITGB1","ADGRE2","Signaling by Integrin","ligand","L4",2.32743244588334,2.58537010859768,4.92721058541427,10,1.11082498362974
"ITGB1","ADGRE2","Signaling by Integrin","ligand","L5",2.32743244588334,2.55004452023882,4.92721058541427,10,1.09564706152878
"ITGB1","ADGRE2","Signaling by Integrin","ligand","L6",2.32743244588334,2.58249214715974,4.92721058541427,10,1.10958844443693
"ITGB1","ADGRE2","Signaling by Integrin","ligand","L7",2.32743244588334,2.54388484088727,4.92721058541427,10,1.09300050593812
"ITGB1","ADGRE2","Signaling by Integrin","ligand","L8",2.32743244588334,2.5826645091279,4.92721058541427,10,1.10966250113768
"ITGB1","ADGRE2","Signaling by Integrin","ligand","L9",2.32743244588334,2.56132205900144,4.92721058541427,10,1.10049254642462
"ITGB1","ADGRE2","Signaling by Integrin","ligand","L10",2.32743244588334,2.52128463798482,4.92721058541427,10,1.08329014766652
"ITGB1","ADGRE2","Signaling by Integrin","receptor","R1",4.92721058541427,4.18478913950717,2.32743244588334,10,0.84932216047253
"ITGB1","ADGRE2","Signaling by Integrin","receptor","R2",4.92721058541427,4.105336612577,2.32743244588334,10,0.833196905512783
"ITGB1","ADGRE2","Signaling by Integrin","receptor","R3",4.92721058541427,5.19547471348152,2.32743244588334,10,1.05444543589458
"ITGB1","ADGRE2","Signaling by Integrin","receptor","R4",4.92721058541427,4.76063632657745,2.32743244588334,10,0.966192989735426
"ITGB1","ADGRE2","Signaling by Integrin","receptor","R5",4.92721058541427,5.38757877210283,2.32743244588334,10,1.0934338361854
"ITGB1","ADGRE2","Signaling by Integrin","receptor","R6",4.92721058541427,5.37992264322989,2.32743244588334,10,1.09187998969554
"ITGB1","ADGRE2","Signaling by Integrin","receptor","R7",4.92721058541427,5.38695220601709,2.32743244588334,10,1.09330667172289
"ITGB1","ADGRE2","Signaling by Integrin","receptor","R8",4.92721058541427,5.32798526342725,2.32743244588334,10,1.08133906011636
"ITGB1","ADGRE2","Signaling by Integrin","receptor","R9",4.92721058541427,5.39976421859459,2.32743244588334,10,1.0959069284717
"ITGB1","ADGRE2","Signaling by Integrin","receptor","R10",4.92721058541427,5.36303855206207,2.32743244588334,10,1.08845328590947
"ITGAV","ADGRE5","Signaling by Integrin","ligand","L1",0.947632671952149,0.731119622692473,0.729751948729949,10,0.771522177666529
"ITGAV","ADGRE5","Signaling by Integrin","ligand","L2",0.947632671952149,0.918619541625902,0.729751948729949,10,0.969383568987254
"ITGAV","ADGRE5","Signaling by Integrin","ligand","L3",0.947632671952149,0.728221576959203,0.729751948729949,10,0.768463982419525
"ITGAV","ADGRE5","Signaling by Integrin","ligand","L4",0.947632671952149,1.01988889441254,0.729751948729949,10,1.07624918874055
"ITGAV","ADGRE5","Signaling by Integrin","ligand","L5",0.947632671952149,1.03670962021531,0.729751948729949,10,1.09399944820355
"ITGAV","ADGRE5","Signaling by Integrin","ligand","L6",0.947632671952149,1.02819873158693,0.729751948729949,10,1.08501823757175
"ITGAV","ADGRE5","Signaling by Integrin","ligand","L7",0.947632671952149,1.04476754244317,0.729751948729949,10,1.10250266096347
"ITGAV","ADGRE5","Signaling by Integrin","ligand","L8",0.947632671952149,1.04441871814277,0.729751948729949,10,1.10213456021017
"ITGAV","ADGRE5","Signaling by Integrin","ligand","L9",0.947632671952149,1.04467171738675,0.729751948729949,10,1.10240154049849
"ITGAV","ADGRE5","Signaling by Integrin","ligand","L10",0.947632671952149,1.01602255208091,0.729751948729949,10,1.07216918765356
"ITGAV","ADGRE5","Signaling by Integrin","receptor","R1",0.729751948729949,0.536574467722833,0.947632671952149,8,0.735283363965907
"ITGAV","ADGRE5","Signaling by Integrin","receptor","R2",0.729751948729949,0.820684203815811,0.947632671952149,8,1.12460707401209
"ITGAV","ADGRE5","Signaling by Integrin","receptor","R3",0.729751948729949,0.650941699851939,0.947632671952149,8,0.892004058344523
"ITGAV","ADGRE5","Signaling by Integrin","receptor","R4",0.729751948729949,0.773135512792659,0.947632671952149,8,1.05944974061147
"ITGAV","ADGRE5","Signaling by Integrin","receptor","R5",0.729751948729949,0.735577630941294,0.947632671952149,8,1.00798309921814
"ITGAV","ADGRE5","Signaling by Integrin","receptor","R6",0.729751948729949,0.835303738234076,0.947632671952149,8,1.14464064082025
"ITGAV","ADGRE5","Signaling by Integrin","receptor","R7",0.729751948729949,0.834539697004799,0.947632671952149,8,1.14359365323686
"ITGAV","ADGRE5","Signaling by Integrin","receptor","R8",0.729751948729949,0.834713845781548,0.947632671952149,8,1.14383229429435
"ITGB1","ADGRE5","Signaling by Integrin","ligand","L1",2.32743244588334,1.62343111063584,0.729751948729949,10,0.697520185175427
"ITGB1","ADGRE5","Signaling by Integrin","ligand","L2",2.32743244588334,2.27071582066771,0.729751948729949,10,0.975631247507982
"ITGB1","ADGRE5","Signaling by Integrin","ligand","L3",2.32743244588334,2.06991608629514,0.729751948729949,10,0.889356032634294
"ITGB1","ADGRE5","Signaling by Integrin","ligand","L4",2.32743244588334,2.58537010859768,0.729751948729949,10,1.11082498362974
"ITGB1","ADGRE5","Signaling by Integrin","ligand","L5",2.32743244588334,2.55004452023882,0.729751948729949,10,1.09564706152878
"ITGB1","ADGRE5","Signaling by Integrin","ligand","L6",2.32743244588334,2.58249214715974,0.729751948729949,10,1.10958844443693
"ITGB1","ADGRE5","Signaling by Integrin","ligand","L7",2.32743244588334,2.54388484088727,0.729751948729949,10,1.09300050593812
"ITGB1","ADGRE5","Signaling by Integrin","ligand","L8",2.32743244588334,2.5826645091279,0.729751948729949,10,1.10966250113768
"ITGB1","ADGRE5","Signaling by Integrin","ligand","L9",2.32743244588334,2.56132205900144,0.729751948729949,10,1.10049254642462
"ITGB1","ADGRE5","Signaling by Integrin","ligand","L10",2.32743244588334,2.52128463798482,0.729751948729949,10,1.08329014766652
"ITGB1","ADGRE5","Signaling by Integrin","receptor","R1",0.729751948729949,0.536574467722833,2.32743244588334,8,0.735283363965907
"ITGB1","ADGRE5","Signaling by Integrin","receptor","R2",0.729751948729949,0.820684203815811,2.32743244588334,8,1.12460707401209
"ITGB1","ADGRE5","Signaling by Integrin","receptor","R3",0.729751948729949,0.650941699851939,2.32743244588334,8,0.892004058344523
"ITGB1","ADGRE5","Signaling by Integrin","receptor","R4",0.729751948729949,0.773135512792659,2.32743244588334,8,1.05944974061147
"ITGB1","ADGRE5","Signaling by Integrin","receptor","R5",0.729751948729949,0.735577630941294,2.32743244588334,8,1.00798309921814
"ITGB1","ADGRE5","Signaling by Integrin","receptor","R6",0.729751948729949,0.835303738234076,2.32743244588334,8,1.14464064082025
"ITGB1","ADGRE5","Signaling by Integrin","receptor","R7",0.729751948729949,0.834539697004799,2.32743244588334,8,1.14359365323686
"ITGB1","ADGRE5","Signaling by Integrin","receptor","R8",0.729751948729949,0.834713845781548,2.32743244588334,8,1.14383229429435
