"Cell1","Cell2","n_triplets","n_window_overlap","n_shared_cand_gt0","n_shared_selected_gt0","n_cross_any_nom","n_cross_any_bonf","median_F_L","median_F_R","median_max_r_L","median_max_r_R","max_max_r_LR","pct_cross_nom","pct_cross_bonf"
"BCells","CD4Cells",42,1,1,1,23,4,1.43807267370004,1.67473356628916,0.698544615517146,0.700997056250288,1,54.8,9.5
"BCells","CD8Cells",42,1,1,1,17,4,1.87324894904484,1.47087375985112,0.695817559859737,0.711784765445562,1,40.5,9.5
"BCells","MonocytesCells",41,1,1,1,21,5,1.18363013266887,1.76958340635613,0.721138674682577,0.733226644938205,1,51.2,12.2
"BCells","NKCells",42,1,1,1,17,7,1.57188708956131,1.64492109796622,0.713397289854754,0.750597493357923,1,40.5,16.7
"CD4Cells","BCells",42,1,1,1,22,1,1.56535503613173,1.3026402810842,0.724320252578797,0.69562893795273,1,52.4,2.4
"CD4Cells","CD8Cells",42,1,1,1,21,1,1.48989208550749,1.32368586107187,0.719687545585906,0.740366539923406,1,50,2.4
"CD4Cells","MonocytesCells",42,1,1,1,21,5,1.36733347831272,1.664950924675,0.709285112524421,0.735609089046131,1,50,11.9
"CD4Cells","NKCells",42,1,1,1,27,4,1.37024357544848,1.52248852399644,0.728591880347666,0.757485770698784,1,64.3,9.5
"CD8Cells","BCells",42,1,1,1,22,2,1.26504978192114,1.50925937649512,0.757691863555188,0.689646207812733,1,52.4,4.8
"CD8Cells","CD4Cells",42,1,1,1,22,6,1.30361322999243,1.39578182365005,0.72299753496169,0.702459285038147,1,52.4,14.3
"CD8Cells","MonocytesCells",42,1,1,1,21,6,1.36369850767225,1.53230208129944,0.680484111049306,0.75641249777922,1,50,14.3
"CD8Cells","NKCells",42,1,1,1,26,8,1.36130987431703,1.38329992970924,0.746302756901672,0.733282945343781,1,61.9,19
"MonocytesCells","BCells",41,1,1,1,18,8,1.28127200664647,1.36554037113136,0.665211554297612,0.701526260615549,1,43.9,19.5
"MonocytesCells","CD4Cells",42,1,1,1,24,8,1.33012142785176,1.92235063629771,0.724193115049174,0.714637822156406,1,57.1,19
"MonocytesCells","CD8Cells",42,1,1,1,17,4,1.41323955758106,1.3556490008804,0.61584202563358,0.728945274762237,1,40.5,9.5
"MonocytesCells","NKCells",41,1,1,1,25,6,1.14953063120619,1.65254226771943,0.622359021955492,0.76065104866204,1,61,14.6
"NKCells","BCells",42,1,1,1,23,5,1.19891930126328,1.31976179964284,0.722210314362211,0.712262767384045,1,54.8,11.9
"NKCells","CD4Cells",42,1,1,1,23,6,1.20527362117091,1.62547461756655,0.707090766401698,0.749415309391874,1,54.8,14.3
"NKCells","CD8Cells",42,1,1,1,22,3,1.29108838735254,1.37612568590933,0.746302756901672,0.715221266879087,1,52.4,7.1
"NKCells","MonocytesCells",41,1,1,1,25,4,1.52233547066817,1.6940322126465,0.713076980214682,0.732476757194041,1,61,9.8
