"perm","ligand","receptor","rule","PIP"
1,"ICAM1","ITGAL","Adaptive",0.0151989795918352
1,"ICAM1","ITGAL","PC1",0.0595280612245005
1,"ICAM1","ITGB2","Adaptive",0.0379770408163176
1,"ICAM1","ITGB2","PC1",0.229275510204089
1,"ICAM1","ITGAM","Adaptive",0.0374132653061237
1,"ICAM1","ITGAM","PC1",0.164693877551035
1,"ICAM1","ITGAX","Adaptive",0.0392882653061225
1,"ICAM1","ITGAX","PC1",0.120239795918358
1,"ICAM2","ITGAL","Adaptive",0.0108112244897954
1,"ICAM2","ITGAL","PC1",0.14411734693877
1,"ICAM2","ITGB2","Adaptive",0.0286173469387747
1,"ICAM2","ITGB2","PC1",0.364448979591778
1,"ICAM3","ITGB2","Adaptive",0.084959183673491
1,"ICAM3","ITGB2","PC1",0.22055102040815
1,"ICAM3","ITGAL","Adaptive",0.0606683673469371
1,"ICAM3","ITGAL","PC1",0.0765586734693726
1,"ICAM4","ITGAL","Adaptive",0.0323469387755159
1,"ICAM4","ITGAL","PC1",0.0349005102040882
1,"ICAM4","ITGB2","Adaptive",0.0240280612244871
1,"ICAM4","ITGB2","PC1",0.119227040816329
1,"CCL28","CCR10","Adaptive",0.0140178571428558
1,"CCL28","CCR10","PC1",0.0656811224489865
1,"PPBP","CXCR2","Adaptive",0.0206301020408132
1,"PPBP","CXCR2","PC1",0.698275510204103
1,"CXCL8","CXCR2","Adaptive",0.0149540816326538
1,"CXCL8","CXCR2","PC1",0.434826530612186
1,"LIPA","RORA","Adaptive",0.0961224489796131
1,"LIPA","RORA","PC1",0.13769642857144
1,"SLC6A6","GABBR1","Adaptive",0.197349489795932
1,"SLC6A6","GABBR1","PC1",0.188711734693859
1,"IFNG","IFNGR1","Adaptive",0.379357142857164
1,"IFNG","IFNGR1","PC1",0.429326530612177
1,"IFNG","IFNGR2","Adaptive",0.0617576530612067
1,"IFNG","IFNGR2","PC1",0.0627857142857101
1,"IL23A","IL12RB1","Adaptive",0.181989795918349
1,"IL23A","IL12RB1","PC1",0.102257653061233
1,"IL15","IL15RA","Adaptive",0.0437168367346986
1,"IL15","IL15RA","PC1",0.0869795918367382
1,"IL15","IL2RB","Adaptive",0.0399209183673507
1,"IL15","IL2RB","PC1",0.0738928571428548
2,"ICAM1","ITGAL","Adaptive",0.0143316326530591
2,"ICAM1","ITGAL","PC1",0.460331632653067
2,"ICAM1","ITGB2","Adaptive",0.040512755102039
2,"ICAM1","ITGB2","PC1",0.393397959183566
2,"ICAM1","ITGAM","Adaptive",0.0367423469387822
2,"ICAM1","ITGAM","PC1",0.457290816326529
2,"ICAM1","ITGAX","Adaptive",0.0388290816326574
2,"ICAM1","ITGAX","PC1",0.412915816326483
2,"ICAM2","ITGAL","Adaptive",0.00959693877550957
2,"ICAM2","ITGAL","PC1",0.0317168367346969
2,"ICAM2","ITGB2","Adaptive",0.0275357142857189
2,"ICAM2","ITGB2","PC1",0.0734234693877495
2,"ICAM3","ITGB2","Adaptive",0.268729591836726
2,"ICAM3","ITGB2","PC1",0.237706632653073
2,"ICAM3","ITGAL","Adaptive",0.0598214285714205
2,"ICAM3","ITGAL","PC1",0.19153826530614
2,"ICAM4","ITGAL","Adaptive",0.131334183673436
2,"ICAM4","ITGAL","PC1",0.135153061224469
2,"ICAM4","ITGB2","Adaptive",0.205946428571413
2,"ICAM4","ITGB2","PC1",0.207655612244899
2,"CCL28","CCR10","Adaptive",0.0261556122448935
2,"CCL28","CCR10","PC1",1
2,"PPBP","CXCR2","Adaptive",0.0431530612244893
2,"PPBP","CXCR2","PC1",0.0593341836734577
2,"CXCL8","CXCR2","Adaptive",0.045862244897969
2,"CXCL8","CXCR2","PC1",0.0483698979591865
2,"LIPA","RORA","Adaptive",0.042461734693873
2,"LIPA","RORA","PC1",0.108369897959196
2,"SLC6A6","GABBR1","Adaptive",0.192390306122457
2,"SLC6A6","GABBR1","PC1",0.209665816326508
2,"IFNG","IFNGR1","Adaptive",0.0175331632653024
2,"IFNG","IFNGR1","PC1",0.133073979591844
2,"IFNG","IFNGR2","Adaptive",0.0165918367346956
2,"IFNG","IFNGR2","PC1",0.237576530612208
2,"IL23A","IL12RB1","Adaptive",0.101686224489795
2,"IL23A","IL12RB1","PC1",0.207311224489805
2,"IL15","IL15RA","Adaptive",0.0503775510204118
2,"IL15","IL15RA","PC1",0.122033163265299
2,"IL15","IL2RB","Adaptive",0.105283163265301
2,"IL15","IL2RB","PC1",0.0829209183673565
3,"ICAM1","ITGAL","Adaptive",0.0678010204081501
3,"ICAM1","ITGAL","PC1",0.0702372448979633
3,"ICAM1","ITGB2","Adaptive",0.17888010204083
3,"ICAM1","ITGB2","PC1",0.18342346938777
3,"ICAM1","ITGAM","Adaptive",0.256770408163285
3,"ICAM1","ITGAM","PC1",0.24329336734696
3,"ICAM1","ITGAX","Adaptive",0.137788265306117
3,"ICAM1","ITGAX","PC1",0.138653061224486
3,"ICAM2","ITGAL","Adaptive",0.0104617346938783
3,"ICAM2","ITGAL","PC1",0.0368545918367304
3,"ICAM2","ITGB2","Adaptive",0.0270000000000034
3,"ICAM2","ITGB2","PC1",0.317999999999865
3,"ICAM3","ITGB2","Adaptive",0.0460204081632708
3,"ICAM3","ITGB2","PC1",0.19069642857142
3,"ICAM3","ITGAL","Adaptive",0.0164642857142856
3,"ICAM3","ITGAL","PC1",0.0874336734693959
3,"ICAM4","ITGAL","Adaptive",0.010477040816322
3,"ICAM4","ITGAL","PC1",0.0477525510204155
3,"ICAM4","ITGB2","Adaptive",0.0265612244897953
3,"ICAM4","ITGB2","PC1",0.147132653061241
3,"CCL28","CCR10","Adaptive",0.493107142857062
3,"CCL28","CCR10","PC1",0.480584183673594
3,"PPBP","CXCR2","Adaptive",0.118443877551004
3,"PPBP","CXCR2","PC1",0.0976913265305739
3,"CXCL8","CXCR2","Adaptive",0.0169362244897973
3,"CXCL8","CXCR2","PC1",0.0352474489795938
3,"LIPA","RORA","Adaptive",0.0870561224489749
3,"LIPA","RORA","PC1",0.239650510204091
3,"SLC6A6","GABBR1","Adaptive",0.05231122448979
3,"SLC6A6","GABBR1","PC1",0.0464770408163326
3,"IFNG","IFNGR1","Adaptive",0.0174770408163279
3,"IFNG","IFNGR1","PC1",0.0967040816326544
3,"IFNG","IFNGR2","Adaptive",0.0177091836734663
3,"IFNG","IFNGR2","PC1",0.0524464285714201
3,"IL23A","IL12RB1","Adaptive",0.124522959183692
3,"IL23A","IL12RB1","PC1",0.140543367346939
3,"IL15","IL15RA","Adaptive",0.0818750000000059
3,"IL15","IL15RA","PC1",0.0843494897959234
3,"IL15","IL2RB","Adaptive",0.0779872448979737
3,"IL15","IL2RB","PC1",0.191007653061238
4,"ICAM1","ITGAL","Adaptive",0.0153877551020416
4,"ICAM1","ITGAL","PC1",0.0489183673469483
4,"ICAM1","ITGB2","Adaptive",0.0348469387755117
4,"ICAM1","ITGB2","PC1",0.132191326530639
4,"ICAM1","ITGAM","Adaptive",0.0342882653061187
4,"ICAM1","ITGAM","PC1",0.179170918367368
4,"ICAM1","ITGAX","Adaptive",0.0372806122448968
4,"ICAM1","ITGAX","PC1",0.141808673469395
4,"ICAM2","ITGAL","Adaptive",0.0675510204081644
4,"ICAM2","ITGAL","PC1",0.0741352040816593
4,"ICAM2","ITGB2","Adaptive",0.163464285714272
4,"ICAM2","ITGB2","PC1",0.161727040816352
4,"ICAM3","ITGB2","Adaptive",0.0720025510203881
4,"ICAM3","ITGB2","PC1",0.0802831632653222
4,"ICAM3","ITGAL","Adaptive",0.0545943877551036
4,"ICAM3","ITGAL","PC1",0.0463316326530678
4,"ICAM4","ITGAL","Adaptive",0.0236887755102006
4,"ICAM4","ITGAL","PC1",0.0260127551020385
4,"ICAM4","ITGB2","Adaptive",0.0386377551020299
4,"ICAM4","ITGB2","PC1",0.0481734693877647
4,"CCL28","CCR10","Adaptive",0.118877551020387
4,"CCL28","CCR10","PC1",0.651308673469353
4,"PPBP","CXCR2","Adaptive",0.0228750000000007
4,"PPBP","CXCR2","PC1",0.0823367346938892
4,"CXCL8","CXCR2","Adaptive",0.0928954081632716
4,"CXCL8","CXCR2","PC1",0.0445586734693821
4,"LIPA","RORA","Adaptive",0.423107142857104
4,"LIPA","RORA","PC1",0.459272959183663
4,"SLC6A6","GABBR1","Adaptive",0.0202551020408162
4,"SLC6A6","GABBR1","PC1",0.0750790816326431
4,"IFNG","IFNGR1","Adaptive",0.0179795918367355
4,"IFNG","IFNGR1","PC1",0.10935459183675
4,"IFNG","IFNGR2","Adaptive",0.0179132653061213
4,"IFNG","IFNGR2","PC1",0.0772499999999976
4,"IL23A","IL12RB1","Adaptive",0.211400510204094
4,"IL23A","IL12RB1","PC1",0.150640306122439
4,"IL15","IL15RA","Adaptive",0.0579387755101936
4,"IL15","IL15RA","PC1",0.294045918367323
4,"IL15","IL2RB","Adaptive",0.0622321428571307
4,"IL15","IL2RB","PC1",0.159673469387751
5,"ICAM1","ITGAL","Adaptive",0.0151913265306124
5,"ICAM1","ITGAL","PC1",0.0249311224489778
5,"ICAM1","ITGB2","Adaptive",0.0350637755102068
5,"ICAM1","ITGB2","PC1",0.0753877551020607
5,"ICAM1","ITGAM","Adaptive",0.0326836734693929
5,"ICAM1","ITGAM","PC1",0.0838954081632808
5,"ICAM1","ITGAX","Adaptive",0.0368520408163256
5,"ICAM1","ITGAX","PC1",0.0678086734693953
5,"ICAM2","ITGAL","Adaptive",0.0316326530612217
5,"ICAM2","ITGAL","PC1",0.0285816326530582
5,"ICAM2","ITGB2","Adaptive",0.076035714285715
5,"ICAM2","ITGB2","PC1",0.0627219387755061
5,"ICAM3","ITGB2","Adaptive",0.0775765306122577
5,"ICAM3","ITGB2","PC1",0.215030612244924
5,"ICAM3","ITGAL","Adaptive",0.071803571428582
5,"ICAM3","ITGAL","PC1",0.0316989795918288
5,"ICAM4","ITGAL","Adaptive",0.0294183673469369
5,"ICAM4","ITGAL","PC1",0.0129005102040849
5,"ICAM4","ITGB2","Adaptive",0.047760204081628
5,"ICAM4","ITGB2","PC1",0.0494770408163254
5,"CCL28","CCR10","Adaptive",0.15425255102043
5,"CCL28","CCR10","PC1",0.0332015306122441
5,"PPBP","CXCR2","Adaptive",0.0301147959183672
5,"PPBP","CXCR2","PC1",0.99355357142859
5,"CXCL8","CXCR2","Adaptive",0.0351785714285798
5,"CXCL8","CXCR2","PC1",0.248568877551045
5,"LIPA","RORA","Adaptive",0.0413469387755057
5,"LIPA","RORA","PC1",0.0869948979591913
5,"SLC6A6","GABBR1","Adaptive",0.0368749999999931
5,"SLC6A6","GABBR1","PC1",0.0307499999999904
5,"IFNG","IFNGR1","Adaptive",0.0697397959183583
5,"IFNG","IFNGR1","PC1",0.0498239795918354
5,"IFNG","IFNGR2","Adaptive",0.0486275510204121
5,"IFNG","IFNGR2","PC1",0.0700714285714346
5,"IL23A","IL12RB1","Adaptive",0.0964795918367273
5,"IL23A","IL12RB1","PC1",0.144275510204062
5,"IL15","IL15RA","Adaptive",0.0514591836734713
5,"IL15","IL15RA","PC1",0.0967040816326544
5,"IL15","IL2RB","Adaptive",0.0392984693877626
5,"IL15","IL2RB","PC1",0.111706632653055
6,"ICAM1","ITGAL","Adaptive",0.0146122448979606
6,"ICAM1","ITGAL","PC1",0.0495153061224563
6,"ICAM1","ITGB2","Adaptive",0.0405025510204137
6,"ICAM1","ITGB2","PC1",0.151278061224479
6,"ICAM1","ITGAM","Adaptive",0.0359438775510197
6,"ICAM1","ITGAM","PC1",0.199994897959181
6,"ICAM1","ITGAX","Adaptive",0.0414107142857197
6,"ICAM1","ITGAX","PC1",0.106426020408144
6,"ICAM2","ITGAL","Adaptive",0.203622448979601
6,"ICAM2","ITGAL","PC1",0.0340357142857116
6,"ICAM2","ITGB2","Adaptive",0.0886249999999954
6,"ICAM2","ITGB2","PC1",0.101229591836741
6,"ICAM3","ITGB2","Adaptive",0.144339285714278
6,"ICAM3","ITGB2","PC1",0.132392857142895
6,"ICAM3","ITGAL","Adaptive",0.0523801020408002
6,"ICAM3","ITGAL","PC1",0.0530867346938731
6,"ICAM4","ITGAL","Adaptive",0.00886734693877658
6,"ICAM4","ITGAL","PC1",0.0291198979591875
6,"ICAM4","ITGB2","Adaptive",0.0225357142857186
6,"ICAM4","ITGB2","PC1",0.0879413265305946
6,"CCL28","CCR10","Adaptive",0.0428290816326547
6,"CCL28","CCR10","PC1",0.0500841836734724
6,"PPBP","CXCR2","Adaptive",0.516482142857211
6,"PPBP","CXCR2","PC1",1
6,"CXCL8","CXCR2","Adaptive",0.0317984693877578
6,"CXCL8","CXCR2","PC1",0.102505102040811
6,"LIPA","RORA","Adaptive",0.0725688775510201
6,"LIPA","RORA","PC1",0.774977040816315
6,"SLC6A6","GABBR1","Adaptive",0.226232142857151
6,"SLC6A6","GABBR1","PC1",0.0576275510204052
6,"IFNG","IFNGR1","Adaptive",0.0331887755101992
6,"IFNG","IFNGR1","PC1",0.031637755102038
6,"IFNG","IFNGR2","Adaptive",0.0305510204081646
6,"IFNG","IFNGR2","PC1",0.0462295918367164
6,"IL23A","IL12RB1","Adaptive",0.174729591836756
6,"IL23A","IL12RB1","PC1",0.0905229591836797
6,"IL15","IL15RA","Adaptive",0.0336326530612303
6,"IL15","IL15RA","PC1",0.146665816326554
6,"IL15","IL2RB","Adaptive",0.0299821428571461
6,"IL15","IL2RB","PC1",0.179954081632633
7,"ICAM1","ITGAL","Adaptive",0.102964285714291
7,"ICAM1","ITGAL","PC1",0.101153061224487
7,"ICAM1","ITGB2","Adaptive",0.115140306122396
7,"ICAM1","ITGB2","PC1",0.102002551020411
7,"ICAM1","ITGAM","Adaptive",0.0746045918367181
7,"ICAM1","ITGAM","PC1",0.0829591836734646
7,"ICAM1","ITGAX","Adaptive",0.520686224489827
7,"ICAM1","ITGAX","PC1",0.570181122449
7,"ICAM2","ITGAL","Adaptive",0.0105153061224514
7,"ICAM2","ITGAL","PC1",0.188607142857161
7,"ICAM2","ITGB2","Adaptive",0.0271403061224497
7,"ICAM2","ITGB2","PC1",0.207081632653024
7,"ICAM3","ITGB2","Adaptive",0.276178571428577
7,"ICAM3","ITGB2","PC1",0.0693698979591887
7,"ICAM3","ITGAL","Adaptive",0.0980229591836712
7,"ICAM3","ITGAL","PC1",0.0515637755102047
7,"ICAM4","ITGAL","Adaptive",0.0261862244897967
7,"ICAM4","ITGAL","PC1",0.026033163265304
7,"ICAM4","ITGB2","Adaptive",0.0562270408163196
7,"ICAM4","ITGB2","PC1",0.0375051020408143
7,"CCL28","CCR10","Adaptive",0.0656811224489709
7,"CCL28","CCR10","PC1",0.914979591836736
7,"PPBP","CXCR2","Adaptive",0.577663265306197
7,"PPBP","CXCR2","PC1",0.990882653061222
7,"CXCL8","CXCR2","Adaptive",0.0314540816326478
7,"CXCL8","CXCR2","PC1",0.0353163265306085
7,"LIPA","RORA","Adaptive",0.152512755102045
7,"LIPA","RORA","PC1",0.150895408163277
7,"SLC6A6","GABBR1","Adaptive",0.0381275510204073
7,"SLC6A6","GABBR1","PC1",0.0694668367346995
7,"IFNG","IFNGR1","Adaptive",0.0181862244897962
7,"IFNG","IFNGR1","PC1",0.219405612244914
7,"IFNG","IFNGR2","Adaptive",0.0165841836734683
7,"IFNG","IFNGR2","PC1",0.318854591836824
7,"IL23A","IL12RB1","Adaptive",0.0737627551020321
7,"IL23A","IL12RB1","PC1",0.114048469387715
7,"IL15","IL15RA","Adaptive",0.0346989795918359
7,"IL15","IL15RA","PC1",0.35570918367345
7,"IL15","IL2RB","Adaptive",0.0307576530612248
7,"IL15","IL2RB","PC1",0.0950586734693896
8,"ICAM1","ITGAL","Adaptive",0.0332040816326532
8,"ICAM1","ITGAL","PC1",0.0731505102040874
8,"ICAM1","ITGB2","Adaptive",0.0984336734694007
8,"ICAM1","ITGB2","PC1",0.25910459183672
8,"ICAM1","ITGAM","Adaptive",0.085737244897963
8,"ICAM1","ITGAM","PC1",0.760788265306076
8,"ICAM1","ITGAX","Adaptive",0.0834897959183549
8,"ICAM1","ITGAX","PC1",0.30310714285708
8,"ICAM2","ITGAL","Adaptive",0.202239795918309
8,"ICAM2","ITGAL","PC1",0.214711734693905
8,"ICAM2","ITGB2","Adaptive",0.225706632653089
8,"ICAM2","ITGB2","PC1",0.23439030612248
8,"ICAM3","ITGB2","Adaptive",0.0352474489795938
8,"ICAM3","ITGB2","PC1",0.14045918367346
8,"ICAM3","ITGAL","Adaptive",0.0190688775510205
8,"ICAM3","ITGAL","PC1",0.122859693877565
8,"ICAM4","ITGAL","Adaptive",0.0195561224489762
8,"ICAM4","ITGAL","PC1",0.0861198979591882
8,"ICAM4","ITGB2","Adaptive",0.0941479591836718
8,"ICAM4","ITGB2","PC1",0.0737551020408196
8,"CCL28","CCR10","Adaptive",0.0140357142857154
8,"CCL28","CCR10","PC1",1
8,"PPBP","CXCR2","Adaptive",1
8,"PPBP","CXCR2","PC1",1
8,"CXCL8","CXCR2","Adaptive",0.974625000000013
8,"CXCL8","CXCR2","PC1",0.964165816326518
8,"LIPA","RORA","Adaptive",0.270410714285715
8,"LIPA","RORA","PC1",0.894382653061194
8,"SLC6A6","GABBR1","Adaptive",0.133002551020438
8,"SLC6A6","GABBR1","PC1",0.13383163265307
8,"IFNG","IFNGR1","Adaptive",0.0334897959183696
8,"IFNG","IFNGR1","PC1",0.338474489795996
8,"IFNG","IFNGR2","Adaptive",0.0440612244897896
8,"IFNG","IFNGR2","PC1",0.0503673469387755
8,"IL23A","IL12RB1","Adaptive",0.0826020408163104
8,"IL23A","IL12RB1","PC1",0.483198979591903
8,"IL15","IL15RA","Adaptive",0.29000000000003
8,"IL15","IL15RA","PC1",0.294857142857256
8,"IL15","IL2RB","Adaptive",0.0811479591836675
8,"IL15","IL2RB","PC1",0.0824438775510349
9,"ICAM1","ITGAL","Adaptive",0.0260408163265254
9,"ICAM1","ITGAL","PC1",0.0257933673469378
9,"ICAM1","ITGB2","Adaptive",0.10242857142857
9,"ICAM1","ITGB2","PC1",0.104280612244901
9,"ICAM1","ITGAM","Adaptive",0.0645663265306095
9,"ICAM1","ITGAM","PC1",0.059905612244893
9,"ICAM1","ITGAX","Adaptive",0.0664132653061341
9,"ICAM1","ITGAX","PC1",0.058961734693887
9,"ICAM2","ITGAL","Adaptive",0.014311224489792
9,"ICAM2","ITGAL","PC1",0.0160714285714306
9,"ICAM2","ITGB2","Adaptive",0.0391045918367318
9,"ICAM2","ITGB2","PC1",0.0473775510204001
9,"ICAM3","ITGB2","Adaptive",0.118390306122451
9,"ICAM3","ITGB2","PC1",0.106795918367325
9,"ICAM3","ITGAL","Adaptive",0.0357704081632651
9,"ICAM3","ITGAL","PC1",0.0303010204081659
9,"ICAM4","ITGAL","Adaptive",0.0137295918367388
9,"ICAM4","ITGAL","PC1",0.0167193877551032
9,"ICAM4","ITGB2","Adaptive",0.101573979591819
9,"ICAM4","ITGB2","PC1",0.0702091836734695
9,"CCL28","CCR10","Adaptive",0.0153035714285689
9,"CCL28","CCR10","PC1",0.0733647959183668
9,"PPBP","CXCR2","Adaptive",0.0376505102040793
9,"PPBP","CXCR2","PC1",0.0437066326530543
9,"CXCL8","CXCR2","Adaptive",0.0586096938775561
9,"CXCL8","CXCR2","PC1",0.703714285714256
9,"LIPA","RORA","Adaptive",0.0947040816326252
9,"LIPA","RORA","PC1",0.0892142857142903
9,"SLC6A6","GABBR1","Adaptive",0.461762755102007
9,"SLC6A6","GABBR1","PC1",0.472431122448917
9,"IFNG","IFNGR1","Adaptive",0.145035714285693
9,"IFNG","IFNGR1","PC1",0.154130102040817
9,"IFNG","IFNGR2","Adaptive",0.176903061224504
9,"IFNG","IFNGR2","PC1",0.179252551020375
9,"IL23A","IL12RB1","Adaptive",0.110875000000007
9,"IL23A","IL12RB1","PC1",0.216604591836771
9,"IL15","IL15RA","Adaptive",0.115798469387755
9,"IL15","IL15RA","PC1",0.135780612244924
9,"IL15","IL2RB","Adaptive",0.0711913265306023
9,"IL15","IL2RB","PC1",0.155306122448955
10,"ICAM1","ITGAL","Adaptive",0.0554158163265105
10,"ICAM1","ITGAL","PC1",0.0503749999999931
10,"ICAM1","ITGB2","Adaptive",0.262890306122437
10,"ICAM1","ITGB2","PC1",0.26228061224488
10,"ICAM1","ITGAM","Adaptive",0.0711989795918443
10,"ICAM1","ITGAM","PC1",0.0673698979591745
10,"ICAM1","ITGAX","Adaptive",0.0863826530612194
10,"ICAM1","ITGAX","PC1",0.100987244897955
10,"ICAM2","ITGAL","Adaptive",0.025173469387753
10,"ICAM2","ITGAL","PC1",0.0261020408163176
10,"ICAM2","ITGB2","Adaptive",0.0812653061224526
10,"ICAM2","ITGB2","PC1",0.0766352040816275
10,"ICAM3","ITGB2","Adaptive",0.0383852040816357
10,"ICAM3","ITGB2","PC1",0.094625000000032
10,"ICAM3","ITGAL","Adaptive",0.0186913265306132
10,"ICAM3","ITGAL","PC1",0.0315459183673466
10,"ICAM4","ITGAL","Adaptive",0.0370255102040651
10,"ICAM4","ITGAL","PC1",0.015168367346937
10,"ICAM4","ITGB2","Adaptive",0.0846836734693846
10,"ICAM4","ITGB2","PC1",0.108102040816347
10,"CCL28","CCR10","Adaptive",0.0137474489795932
10,"CCL28","CCR10","PC1",0.0905178571428261
10,"PPBP","CXCR2","Adaptive",0.017132653061225
10,"PPBP","CXCR2","PC1",0.515538265306144
10,"CXCL8","CXCR2","Adaptive",0.015826530612245
10,"CXCL8","CXCR2","PC1",0.843316326530554
10,"LIPA","RORA","Adaptive",0.0975943877551026
10,"LIPA","RORA","PC1",0.103890306122448
10,"SLC6A6","GABBR1","Adaptive",0.0481734693877697
10,"SLC6A6","GABBR1","PC1",0.0677448979591804
10,"IFNG","IFNGR1","Adaptive",0.0191377551020409
10,"IFNG","IFNGR1","PC1",0.0964872448979585
10,"IFNG","IFNGR2","Adaptive",0.0165357142857157
10,"IFNG","IFNGR2","PC1",0.0598341836734656
10,"IL23A","IL12RB1","Adaptive",0.164198979591843
10,"IL23A","IL12RB1","PC1",0.161117346938776
10,"IL15","IL15RA","Adaptive",0.0441122448979506
10,"IL15","IL15RA","PC1",0.0792959183673376
10,"IL15","IL2RB","Adaptive",0.0429923469387563
10,"IL15","IL2RB","PC1",0.0734311224489935
