"ligand","receptor","pathway","representation","adaptive_choice","PIP","Beta_X","Beta_XZ"
"ICAM1","ITGAL","Adhesion by ICAM","PC1","PC1",0.031910714285732,0.00199577689095467,0.116036718844938
"ICAM1","ITGAL","Adhesion by ICAM","AUCell","PC1",0.0147066326530622,-0.00674895375579827,-0.0712300672910827
"ICAM1","ITGAL","Adhesion by ICAM","Mean","PC1",0.0627295918367273,0.0270021947985943,-0.150764698123
"ICAM1","ITGAL","Adhesion by ICAM","UCell","PC1",0.0160051020408131,-0.00146867497996007,-0.0386929862197701
"ICAM1","ITGAL","Adhesion by ICAM","ssGSEA","PC1",0.0442474489795841,0.0272284828613263,-0.180963520901053
"ICAM1","ITGAL","Adhesion by ICAM","GSVA","PC1",0.0231913265306109,-0.000495737631040913,-0.147603294677083
"ICAM1","ITGAL","Adhesion by ICAM","Adaptive","PC1",0.0307321428571489,-0.0020640813420378,0.0997636587462638
"ICAM1","ITGB2","Adhesion by ICAM","PC1","PC1",0.107517857142855,0.00352869626918783,-0.198707806241421
"ICAM1","ITGB2","Adhesion by ICAM","AUCell","PC1",0.0382780612244992,8.73010719020134e-05,0.0273862925711838
"ICAM1","ITGB2","Adhesion by ICAM","Mean","PC1",0.113357142857122,0.0574670144894762,0.130246557359244
"ICAM1","ITGB2","Adhesion by ICAM","UCell","PC1",0.0362219387755196,-0.000595384965764124,0.10189602086979
"ICAM1","ITGB2","Adhesion by ICAM","ssGSEA","PC1",0.119229591836726,0.0582639175343026,0.253948807211749
"ICAM1","ITGB2","Adhesion by ICAM","GSVA","PC1",0.0787474489795981,0.00179062500578112,0.160083585146434
"ICAM1","ITGB2","Adhesion by ICAM","Adaptive","PC1",0.106285714285711,0.00556329420752668,-0.202749283148441
"ICAM1","ITGAM","Adhesion by ICAM","PC1","PC1",0.0609107142857148,0.00410113672446615,0.104584375173651
"ICAM1","ITGAM","Adhesion by ICAM","AUCell","PC1",0.0369770408163231,-0.0120991549466415,-0.0453080860756768
"ICAM1","ITGAM","Adhesion by ICAM","Mean","PC1",0.0884795918367284,0.0377283908678384,-0.0551545485786674
"ICAM1","ITGAM","Adhesion by ICAM","UCell","PC1",0.0395051020408066,-0.0059119545848434,0.0021057943418078
"ICAM1","ITGAM","Adhesion by ICAM","ssGSEA","PC1",0.0994872448979913,0.0442663410603915,-0.22239475810307
"ICAM1","ITGAM","Adhesion by ICAM","GSVA","PC1",0.0897780612245002,0.00303264573473335,0.0614028247534722
"ICAM1","ITGAM","Adhesion by ICAM","Adaptive","PC1",0.0657806122448898,0.0052619051715193,0.107918376621139
"ICAM1","ITGAX","Adhesion by ICAM","PC1","PC1",0.0757627551020428,-4.60589231090439e-05,0.151288003396476
"ICAM1","ITGAX","Adhesion by ICAM","AUCell","PC1",0.0376683673469316,-0.0107213246422289,0.000261276465583704
"ICAM1","ITGAX","Adhesion by ICAM","Mean","PC1",0.104219387755112,0.0491037904406783,0.0139855362928208
"ICAM1","ITGAX","Adhesion by ICAM","UCell","PC1",0.0364744897959231,-0.0081418394008643,-0.00110260395410377
"ICAM1","ITGAX","Adhesion by ICAM","ssGSEA","PC1",0.118153061224498,0.0585696443532028,-0.287949183216672
"ICAM1","ITGAX","Adhesion by ICAM","GSVA","PC1",0.0699948979591786,-0.00159208618015091,0.10631533430817
"ICAM1","ITGAX","Adhesion by ICAM","Adaptive","PC1",0.0758750000000031,-0.000408977463368674,0.152730069895627
"ICAM2","ITGAL","Adhesion by ICAM","PC1","Mean",0.0529668367346911,0.012895757608138,-0.0191732831728324
"ICAM2","ITGAL","Adhesion by ICAM","AUCell","Mean",0.0109617346938765,-0.00447000265480555,0.0271469632894198
"ICAM2","ITGAL","Adhesion by ICAM","Mean","Mean",0.0502780612244814,-0.00954915602862462,-0.151285065162637
"ICAM2","ITGAL","Adhesion by ICAM","UCell","Mean",0.0101198979591825,-0.00194245062224458,0.0180329994018101
"ICAM2","ITGAL","Adhesion by ICAM","ssGSEA","Mean",0.029788265306125,-0.0079856035878355,-0.0187528248922794
"ICAM2","ITGAL","Adhesion by ICAM","GSVA","Mean",0.0223979591836721,-0.00411872837261879,0.0113622133956911
"ICAM2","ITGAL","Adhesion by ICAM","Adaptive","Mean",0.0580306122448855,-0.0112776241924653,-0.161147703562913
"ICAM2","ITGB2","Adhesion by ICAM","PC1","Mean",0.304183673469464,0.066981785727965,-0.490993140581798
"ICAM2","ITGB2","Adhesion by ICAM","AUCell","Mean",0.0263443877551015,-0.00839501149380342,0.0515080425412068
"ICAM2","ITGB2","Adhesion by ICAM","Mean","Mean",0.0846785714285696,-0.01370753981915,-0.0525456221271094
"ICAM2","ITGB2","Adhesion by ICAM","UCell","Mean",0.0257806122449008,-0.00328304236759633,0.0113080565928674
"ICAM2","ITGB2","Adhesion by ICAM","ssGSEA","Mean",0.109624999999979,-0.0256004426202925,0.113465298617944
"ICAM2","ITGB2","Adhesion by ICAM","GSVA","Mean",0.0526581632653207,-0.00803212308503959,0.0299152317251736
"ICAM2","ITGB2","Adhesion by ICAM","Adaptive","Mean",0.0826326530612412,-0.0135147190332603,-0.0497408620450382
"ICAM3","ITGB2","Adhesion by ICAM","PC1","ssGSEA",0.192140306122464,0.0428164183668546,0.58069372156085
"ICAM3","ITGB2","Adhesion by ICAM","AUCell","ssGSEA",0.0398903061224448,0.0208928842842336,-0.0120871535870941
"ICAM3","ITGB2","Adhesion by ICAM","Mean","ssGSEA",0.0953086734693859,-0.0206455268624527,0.00987944761923395
"ICAM3","ITGB2","Adhesion by ICAM","UCell","ssGSEA",0.0387857142857117,-0.0104427526021492,0.0763640467949934
"ICAM3","ITGB2","Adhesion by ICAM","ssGSEA","ssGSEA",0.0747015306122359,0.0385765861801406,-0.0106380398400737
"ICAM3","ITGB2","Adhesion by ICAM","GSVA","ssGSEA",0.0638596938775532,-0.0114885444523426,0.0051522231720641
"ICAM3","ITGB2","Adhesion by ICAM","Adaptive","ssGSEA",0.0780459183673399,0.0404932456996658,-0.0143554390290941
"ICAM3","ITGAL","Adhesion by ICAM","PC1","ssGSEA",0.125655612244895,0.0254520928102499,0.219587649645681
"ICAM3","ITGAL","Adhesion by ICAM","AUCell","ssGSEA",0.0195510204081581,0.0167072365169201,-0.12952986008544
"ICAM3","ITGAL","Adhesion by ICAM","Mean","ssGSEA",0.0840025510204149,-0.012401951055905,-0.104876387542429
"ICAM3","ITGAL","Adhesion by ICAM","UCell","ssGSEA",0.0173647959183704,-0.00311498065082309,-0.184807095732663
"ICAM3","ITGAL","Adhesion by ICAM","ssGSEA","ssGSEA",0.0408596938775401,0.0233283117953789,-0.0281901311535165
"ICAM3","ITGAL","Adhesion by ICAM","GSVA","ssGSEA",0.0348801020408158,-0.00767881211348587,-0.0714157756298899
"ICAM3","ITGAL","Adhesion by ICAM","Adaptive","ssGSEA",0.0416836734693919,0.0266681522962965,-0.0213636973183692
"ICAM4","ITGAL","Adhesion by ICAM","PC1","ssGSEA",0.0240841836734658,-0.00292187170548441,-0.0663677005900603
"ICAM4","ITGAL","Adhesion by ICAM","AUCell","ssGSEA",0.00937244897959065,-0.0070754976119801,0.115255312951565
"ICAM4","ITGAL","Adhesion by ICAM","Mean","ssGSEA",0.0430306122449007,0.00711123619923935,-0.112776647640953
"ICAM4","ITGAL","Adhesion by ICAM","UCell","ssGSEA",0.00904081632652949,0.0112393449262452,-0.131671155616348
"ICAM4","ITGAL","Adhesion by ICAM","ssGSEA","ssGSEA",0.0220969387755089,0.0032665727846094,0.302367178335496
"ICAM4","ITGAL","Adhesion by ICAM","GSVA","ssGSEA",0.0144821428571426,-0.000225135347664026,-0.0785141358590253
"ICAM4","ITGAL","Adhesion by ICAM","Adaptive","ssGSEA",0.0214923469387789,-0.00140195906278793,0.284220150333175
"ICAM4","ITGB2","Adhesion by ICAM","PC1","ssGSEA",0.183497448979612,-0.0204649243667485,-0.797201646862495
"ICAM4","ITGB2","Adhesion by ICAM","AUCell","ssGSEA",0.0255586734693854,-0.00421082155456275,0.0557373722607392
"ICAM4","ITGB2","Adhesion by ICAM","Mean","ssGSEA",0.150438775510225,0.0226267730047032,-0.532927922428323
"ICAM4","ITGB2","Adhesion by ICAM","UCell","ssGSEA",0.0238265306122425,0.00284074062158998,-0.0271136858788695
"ICAM4","ITGB2","Adhesion by ICAM","ssGSEA","ssGSEA",0.0541709183673514,0.0098275767020203,0.116842462789271
"ICAM4","ITGB2","Adhesion by ICAM","GSVA","ssGSEA",0.0406275510204094,0.0045411177406449,-0.0466320076789687
"ICAM4","ITGB2","Adhesion by ICAM","Adaptive","ssGSEA",0.0551352040816427,0.00965890089115578,0.120645610129411
"CCL28","CCR10","Signaling by Chemokines","PC1","UCell",1,-0.871630971903695,15.9346807136861
"CCL28","CCR10","Signaling by Chemokines","AUCell","UCell",0.0140051020408186,0.00142206119931937,0.0665253199148987
"CCL28","CCR10","Signaling by Chemokines","Mean","UCell",0.0299489795918373,-0.00767991245555115,-0.00155221698214687
"CCL28","CCR10","Signaling by Chemokines","UCell","UCell",0.0153928571428559,0.00152266712910196,0.0412027708747358
"CCL28","CCR10","Signaling by Chemokines","ssGSEA","UCell",0.104563775510191,0.0647787803330514,0.214150265513358
"CCL28","CCR10","Signaling by Chemokines","GSVA","UCell",0.0614617346938792,0.0264425536366932,0.16179163576704
"CCL28","CCR10","Signaling by Chemokines","Adaptive","UCell",0.0153188775510219,0.00145149698831998,0.0449169084238317
"PPBP","CXCR2","Signaling by Chemokines","PC1","AUCell",0.775043367346967,0.419367491675314,-6.19912481582656
"PPBP","CXCR2","Signaling by Chemokines","AUCell","AUCell",0.0171734693877537,0.000510603083577736,0.00428165341675844
"PPBP","CXCR2","Signaling by Chemokines","Mean","AUCell",0.0503086734693891,0.0109921917637165,-0.0112010635264742
"PPBP","CXCR2","Signaling by Chemokines","UCell","AUCell",0.0205178571428549,0.00802080177842082,-0.00105990914468962
"PPBP","CXCR2","Signaling by Chemokines","ssGSEA","AUCell",0.0430331632653072,0.0175915421853758,0.0490103950218993
"PPBP","CXCR2","Signaling by Chemokines","GSVA","AUCell",0.0496454081632688,0.017502098559965,-0.0315512636724167
"PPBP","CXCR2","Signaling by Chemokines","Adaptive","AUCell",0.016875000000001,-0.000960822447768003,0.00533489093304176
"CXCL8","CXCR2","Signaling by Chemokines","PC1","AUCell",0.23980102040814,-0.0352527726529171,1.18001735358453
"CXCL8","CXCR2","Signaling by Chemokines","AUCell","AUCell",0.0165459183673492,-5.29592290915286e-05,0.00318774329211587
"CXCL8","CXCR2","Signaling by Chemokines","Mean","AUCell",0.0344617346938775,-0.00604313630393603,-0.0466588059470615
"CXCL8","CXCR2","Signaling by Chemokines","UCell","AUCell",0.0168163265306163,0.000895583534228329,-0.020005271527681
"CXCL8","CXCR2","Signaling by Chemokines","ssGSEA","AUCell",0.0326734693877523,-0.00411862766584314,0.0615099838036488
"CXCL8","CXCR2","Signaling by Chemokines","GSVA","AUCell",0.044227040816321,-0.0129267327614789,0.046582155593158
"CXCL8","CXCR2","Signaling by Chemokines","Adaptive","AUCell",0.0159668367346927,-1.50613485300688e-05,0.00165339283884941
"LIPA","RORA","Signaling by Cholesterol","PC1","PC1",0.0825969387755076,0.00441524384643559,0.00204864547844624
"LIPA","RORA","Signaling by Cholesterol","AUCell","PC1",0.0411836734693851,0.0188184961203683,0.0362918752030313
"LIPA","RORA","Signaling by Cholesterol","Mean","PC1",0.0897678571428494,-0.0114315835093143,0.121297836601621
"LIPA","RORA","Signaling by Cholesterol","UCell","PC1",0.0437959183673609,-0.00892015087487639,0.0546964215986597
"LIPA","RORA","Signaling by Cholesterol","ssGSEA","PC1",0.082191326530608,0.0163739475113854,0.115769580067878
"LIPA","RORA","Signaling by Cholesterol","GSVA","PC1",0.0970153061224534,0.0142484257276009,0.180737955470169
"LIPA","RORA","Signaling by Cholesterol","Adaptive","PC1",0.0867755102040783,0.00469580296005295,0.00364544371216056
"SLC6A6","GABBR1","Signaling by GABA","PC1","ssGSEA",0.0924183673469355,0.00733153301505593,0.237882101905773
"SLC6A6","GABBR1","Signaling by GABA","AUCell","ssGSEA",0.0175892857142881,0.00322491698035338,0.0100293024143568
"SLC6A6","GABBR1","Signaling by GABA","Mean","ssGSEA",0.10764030612245,0.0192707765901831,-0.26667279291737
"SLC6A6","GABBR1","Signaling by GABA","UCell","ssGSEA",0.022066326530612,0.00521867839443727,-0.0457668301056771
"SLC6A6","GABBR1","Signaling by GABA","ssGSEA","ssGSEA",0.838946428571417,0.491287589611697,-2.61474156429411
"SLC6A6","GABBR1","Signaling by GABA","GSVA","ssGSEA",0.171030612244897,0.0527017102132217,-0.412809927507488
"SLC6A6","GABBR1","Signaling by GABA","Adaptive","ssGSEA",0.852974489795854,0.500082680464541,-2.64731126706897
"IFNG","IFNGR1","Signaling by Interferon","PC1","ssGSEA",0.0470331632653101,0.00694430578987448,0.0145070984356982
"IFNG","IFNGR1","Signaling by Interferon","AUCell","ssGSEA",0.0178494897959198,0.00441639708663264,-0.00995234044691166
"IFNG","IFNGR1","Signaling by Interferon","Mean","ssGSEA",0.105017857142827,0.0238548458312294,0.105694614200437
"IFNG","IFNGR1","Signaling by Interferon","UCell","ssGSEA",0.0196607142857169,0.00686598712613961,0.0125656989330591
"IFNG","IFNGR1","Signaling by Interferon","ssGSEA","ssGSEA",0.170278061224476,0.122674805983767,-0.119822872576002
"IFNG","IFNGR1","Signaling by Interferon","GSVA","ssGSEA",0.0348418367346901,0.00714372105505515,-0.0101406486817514
"IFNG","IFNGR1","Signaling by Interferon","Adaptive","ssGSEA",0.151959183673464,0.110365757057096,-0.106303545250105
"IFNG","IFNGR2","Signaling by Interferon","PC1","ssGSEA",0.0523035714285678,0.00890615263868135,0.0471208005732094
"IFNG","IFNGR2","Signaling by Interferon","AUCell","ssGSEA",0.0173316326530618,0.00592002259961884,0.00715644204393758
"IFNG","IFNGR2","Signaling by Interferon","Mean","ssGSEA",0.0663316326530536,0.0154391960492025,-0.0104532011365185
"IFNG","IFNGR2","Signaling by Interferon","UCell","ssGSEA",0.0169285714285746,0.0061342290980149,-0.0150668201030994
"IFNG","IFNGR2","Signaling by Interferon","ssGSEA","ssGSEA",0.185288265306143,0.133867302899112,-0.171666992239954
"IFNG","IFNGR2","Signaling by Interferon","GSVA","ssGSEA",0.0323826530612209,0.00829412851081452,0.0230434153952929
"IFNG","IFNGR2","Signaling by Interferon","Adaptive","ssGSEA",0.175767857142863,0.125293806429384,-0.162149150535592
"IL23A","IL12RB1","Signaling by Interleukin","PC1","GSVA",0.22384438775512,0.173590894252003,0.210898973461173
"IL23A","IL12RB1","Signaling by Interleukin","AUCell","GSVA",0.0803494897959109,-0.0490635300270671,0.202712308422959
"IL23A","IL12RB1","Signaling by Interleukin","Mean","GSVA",0.364923469387828,0.00262961002983504,1.09952097924799
"IL23A","IL12RB1","Signaling by Interleukin","UCell","GSVA",0.0818801020408147,-0.0286763173569459,0.178218455942593
"IL23A","IL12RB1","Signaling by Interleukin","ssGSEA","GSVA",0.286290816326534,0.00915816785051912,0.800057763707481
"IL23A","IL12RB1","Signaling by Interleukin","GSVA","GSVA",0.103943877551004,-0.00733370334068499,0.0238929795766149
"IL23A","IL12RB1","Signaling by Interleukin","Adaptive","GSVA",0.100275510204108,0.000183661240599443,0.0265619021247867
"IL15","IL15RA","Signaling by Interleukin","PC1","AUCell",0.092724489795916,-0.0216221628326086,0.172120550137392
"IL15","IL15RA","Signaling by Interleukin","AUCell","AUCell",0.0346556122448938,-0.0299859836271105,0.0731900924214967
"IL15","IL15RA","Signaling by Interleukin","Mean","AUCell",0.0657831632653075,0.00619672413406276,0.102890055057694
"IL15","IL15RA","Signaling by Interleukin","UCell","AUCell",0.0337678571428664,0.00380212442440031,0.00272590691732212
"IL15","IL15RA","Signaling by Interleukin","ssGSEA","AUCell",0.0882857142857047,-0.00487122602064344,0.0452908755536975
"IL15","IL15RA","Signaling by Interleukin","GSVA","AUCell",0.0433877551020524,0.00770562608997132,-0.0412399007380158
"IL15","IL15RA","Signaling by Interleukin","Adaptive","AUCell",0.0363112244897751,-0.00443718631362923,0.0568948470241294
"IL15","IL2RB","Signaling by Interleukin","PC1","AUCell",0.0627270408163468,-0.0125207371993003,0.0555575529064685
"IL15","IL2RB","Signaling by Interleukin","AUCell","AUCell",0.0280892857142849,0.019348958091899,-0.0814248375707548
"IL15","IL2RB","Signaling by Interleukin","Mean","AUCell",0.124862244897972,0.0416428051471183,-0.405189684717355
"IL15","IL2RB","Signaling by Interleukin","UCell","AUCell",0.0321581632653045,-0.0037428958305266,-0.0652910692456815
"IL15","IL2RB","Signaling by Interleukin","ssGSEA","AUCell",0.095109693877555,-0.0225887362220083,-0.229469613079243
"IL15","IL2RB","Signaling by Interleukin","GSVA","AUCell",0.0404311224489769,0.014142261214725,0.0153654241413629
"IL15","IL2RB","Signaling by Interleukin","Adaptive","AUCell",0.0285204081632596,0.0173517816872491,-0.0987122829195032
"IL18","IL18R1","Signaling by Interleukin","PC1","PC1",0.922119897959282,0.327553077559532,2.07684214090901
"IL18","IL18R1","Signaling by Interleukin","AUCell","PC1",0.0222704081632697,-0.00364901421894293,-0.00576931378872535
"IL18","IL18R1","Signaling by Interleukin","Mean","PC1",0.0598163265306159,0.00591273260940423,0.0508373041270742
"IL18","IL18R1","Signaling by Interleukin","UCell","PC1",0.0249948979591892,0.00243272631341627,0.00740004331308296
"IL18","IL18R1","Signaling by Interleukin","ssGSEA","PC1",0.114456632653018,0.0243920524905499,0.118844220921528
"IL18","IL18R1","Signaling by Interleukin","GSVA","PC1",0.0372933673469433,-0.00580525794387181,0.0183936279577388
"IL18","IL18R1","Signaling by Interleukin","Adaptive","PC1",0.913132653061161,0.323988440726314,2.0696616786516
"IL18","IL18RAP","Signaling by Interleukin","PC1","PC1",0.868474489795871,0.318848855582488,-2.03824649411595
"IL18","IL18RAP","Signaling by Interleukin","AUCell","PC1",0.0234795918367325,-0.00350152435271765,0.0163545992979426
"IL18","IL18RAP","Signaling by Interleukin","Mean","PC1",0.0357704081632614,0.00349898030881709,0.00438376990946904
"IL18","IL18RAP","Signaling by Interleukin","UCell","PC1",0.0212831632653038,0.0008374834367012,0.0310661970633015
"IL18","IL18RAP","Signaling by Interleukin","ssGSEA","PC1",0.574181122449023,0.101053530164939,1.42674709786429
"IL18","IL18RAP","Signaling by Interleukin","GSVA","PC1",0.0336454081632805,-0.00552228143281849,0.0297247952152667
"IL18","IL18RAP","Signaling by Interleukin","Adaptive","PC1",0.8515459183674,0.313459099566344,-1.98709140677499
"IL1B","IL1RAP","Signaling by Interleukin","PC1","Mean",0.256267857142868,0.185682921268003,0.20165927384574
"IL1B","IL1RAP","Signaling by Interleukin","AUCell","Mean",0.0189642857142927,0.00146994537366363,-0.0155362231399897
"IL1B","IL1RAP","Signaling by Interleukin","Mean","Mean",0.278650510204146,0.189651167488029,-0.336069915423784
"IL1B","IL1RAP","Signaling by Interleukin","UCell","Mean",0.0200178571428582,0.00968101272013996,-0.0466789420818995
"IL1B","IL1RAP","Signaling by Interleukin","ssGSEA","Mean",0.375357142857246,0.129736731660277,-1.10332188174965
"IL1B","IL1RAP","Signaling by Interleukin","GSVA","Mean",0.0239234693877497,-0.000640735925131702,-0.0110458885310215
"IL1B","IL1RAP","Signaling by Interleukin","Adaptive","Mean",0.275392857142879,0.187981894728867,-0.337324057969817
"IL6","IL6R","Signaling by Interleukin","PC1","Mean",0.0472678571428582,0.00893930890137348,-0.034524452511279
"IL6","IL6R","Signaling by Interleukin","AUCell","Mean",0.0180280612244886,-0.000664807553857824,0.0520088156003211
"IL6","IL6R","Signaling by Interleukin","Mean","Mean",0.123706632653098,0.000192380258959017,0.333478264385534
"IL6","IL6R","Signaling by Interleukin","UCell","Mean",0.01913520408163,-0.00132664526152059,0.0332046446051644
"IL6","IL6R","Signaling by Interleukin","ssGSEA","Mean",0.0265229591836731,-0.000983133669427573,0.00124177628302715
"IL6","IL6R","Signaling by Interleukin","GSVA","Mean",0.0305714285714344,-0.00240111072710006,0.0472977568427337
"IL6","IL6R","Signaling by Interleukin","Adaptive","Mean",0.138770408163254,-5.55814085844283e-05,0.373680706360321
"IL6","IL6ST","Signaling by Interleukin","PC1","Mean",0.0591505102040904,0.0109170786767233,-0.0205506549225956
"IL6","IL6ST","Signaling by Interleukin","AUCell","Mean",0.0192448979591803,-0.000784664697834176,-0.00983910428802568
"IL6","IL6ST","Signaling by Interleukin","Mean","Mean",0.0809336734693904,-0.00222914638466511,-0.136934995153694
"IL6","IL6ST","Signaling by Interleukin","UCell","Mean",0.0198852040816306,-0.00110481602693645,-0.0156556118120575
"IL6","IL6ST","Signaling by Interleukin","ssGSEA","Mean",0.0905357142857211,-0.00356665498253013,-0.175921369439125
"IL6","IL6ST","Signaling by Interleukin","GSVA","Mean",0.0278112244897799,-0.00247616388515158,0.0170775008759202
"IL6","IL6ST","Signaling by Interleukin","Adaptive","Mean",0.0789362244897966,-0.002346119000424,-0.13265708548345
"CLEC2B","KLRF1","Signaling by Leptin","PC1","ssGSEA",0.040775510204089,-0.00171117645064763,0.00107566359586405
"CLEC2B","KLRF1","Signaling by Leptin","AUCell","ssGSEA",0.0233061224489886,0.000674894231937469,-0.00358385780531272
"CLEC2B","KLRF1","Signaling by Leptin","Mean","ssGSEA",0.0652551020408141,0.0128559834630386,-0.0327199308091231
"CLEC2B","KLRF1","Signaling by Leptin","UCell","ssGSEA",0.0310790816326551,0.00465012325294219,-0.0143648678991053
"CLEC2B","KLRF1","Signaling by Leptin","ssGSEA","ssGSEA",0.183204081632632,0.0797853911899814,0.0781152856728062
"CLEC2B","KLRF1","Signaling by Leptin","GSVA","ssGSEA",0.20038010204079,0.0841848117444915,-0.0095231310227184
"CLEC2B","KLRF1","Signaling by Leptin","Adaptive","ssGSEA",0.192987244897968,0.0848091897040969,0.083160869394576
"AKR1C3","PTGDR","Signaling by Prostaglandin","PC1","GSVA",0.336724489795944,0.190182883900291,-0.0313373142215027
"AKR1C3","PTGDR","Signaling by Prostaglandin","AUCell","GSVA",0.0227321428571457,0.00058975853330068,0.00339661949509667
"AKR1C3","PTGDR","Signaling by Prostaglandin","Mean","GSVA",0.234923469387764,0.10225724414068,0.266617875090427
"AKR1C3","PTGDR","Signaling by Prostaglandin","UCell","GSVA",0.0285816326530563,0.0109960426903193,0.0203962662961836
"AKR1C3","PTGDR","Signaling by Prostaglandin","ssGSEA","GSVA",0.107897959183673,0.00544821557898836,0.200123359531023
"AKR1C3","PTGDR","Signaling by Prostaglandin","GSVA","GSVA",0.201999999999862,0.013982859623773,0.40251312013727
"AKR1C3","PTGDR","Signaling by Prostaglandin","Adaptive","GSVA",0.188464285714279,0.0127301657929103,0.380773103047627
"PTGES2","PTGER2","Signaling by Prostaglandin","PC1","Mean",0.320454081632591,0.0360582553826598,-0.833636631734431
"PTGES2","PTGER2","Signaling by Prostaglandin","AUCell","Mean",0.0153979591836739,0.00180414428187145,-0.0165485059939721
"PTGES2","PTGER2","Signaling by Prostaglandin","Mean","Mean",0.0487984693877598,-0.00811856831337798,-0.0827202620373363
"PTGES2","PTGER2","Signaling by Prostaglandin","UCell","Mean",0.0196607142857106,-0.00883716083629585,-0.0176457013634113
"PTGES2","PTGER2","Signaling by Prostaglandin","ssGSEA","Mean",0.032846938775515,-8.04272883391602e-05,-0.0316492537917918
"PTGES2","PTGER2","Signaling by Prostaglandin","GSVA","Mean",0.049841836734699,-0.0125589059414922,-0.093163822686863
"PTGES2","PTGER2","Signaling by Prostaglandin","Adaptive","Mean",0.0458775510203973,-0.00787576483751991,-0.0785184617071612
"PTGES2","PTGER4","Signaling by Prostaglandin","PC1","Mean",0.220793367346894,-0.131348242035573,-0.558856495199863
"PTGES2","PTGER4","Signaling by Prostaglandin","AUCell","Mean",0.0134260204081642,0.0011815745683055,0.018857545581681
"PTGES2","PTGER4","Signaling by Prostaglandin","Mean","Mean",0.0437933673469408,-0.00512293848186764,-0.00137399748196954
"PTGES2","PTGER4","Signaling by Prostaglandin","UCell","Mean",0.0167525510204047,-0.00857810581171797,-0.0139127460003935
"PTGES2","PTGER4","Signaling by Prostaglandin","ssGSEA","Mean",0.0326071428571411,0.000250807863489369,0.0178965788012029
"PTGES2","PTGER4","Signaling by Prostaglandin","GSVA","Mean",0.0403392857142895,-0.00678672424493265,-0.00219329154466928
"PTGES2","PTGER4","Signaling by Prostaglandin","Adaptive","Mean",0.0436301020408211,-0.00594016873298353,0.000914983794888337
"PTGES3","PTGER2","Signaling by Prostaglandin","PC1","Mean",0.328573979591848,0.253442214807693,-0.145416311069153
"PTGES3","PTGER2","Signaling by Prostaglandin","AUCell","Mean",0.0623316326530611,0.0228984115110627,0.0390887447316992
"PTGES3","PTGER2","Signaling by Prostaglandin","Mean","Mean",0.378283163265367,0.405829319492142,-0.128127516578191
"PTGES3","PTGER2","Signaling by Prostaglandin","UCell","Mean",0.065505102040835,0.0310470088592825,-0.0738142271500222
"PTGES3","PTGER2","Signaling by Prostaglandin","ssGSEA","Mean",0.130063775510196,0.0514517622197618,-0.0383700929288141
"PTGES3","PTGER2","Signaling by Prostaglandin","GSVA","Mean",0.194943877551046,0.104025404158462,-0.20390786628466
"PTGES3","PTGER2","Signaling by Prostaglandin","Adaptive","Mean",0.394941326530651,0.395058405314799,-0.133913975953455
"PTGES3","PTGER4","Signaling by Prostaglandin","PC1","Mean",0.427492346938745,0.342624686363033,0.682119075186241
"PTGES3","PTGER4","Signaling by Prostaglandin","AUCell","Mean",0.0619795918367572,0.0567453166726952,-0.00107660474136123
"PTGES3","PTGER4","Signaling by Prostaglandin","Mean","Mean",0.455257653061196,0.476668607612753,-0.376094174903237
"PTGES3","PTGER4","Signaling by Prostaglandin","UCell","Mean",0.0758826530612373,0.0252820421682052,-0.0628132765886016
"PTGES3","PTGER4","Signaling by Prostaglandin","ssGSEA","Mean",0.141176020408143,0.0687613759317226,-0.00452353281409687
"PTGES3","PTGER4","Signaling by Prostaglandin","GSVA","Mean",0.199395408163281,0.113429685623589,-0.0759278468200051
"PTGES3","PTGER4","Signaling by Prostaglandin","Adaptive","Mean",0.44379846938778,0.455622238617859,-0.353491848586176
"SEMA4A","PLXND1","Signaling by Semaphorin","PC1","AUCell",0.137321428571433,0.0285947187542416,0.188720047260671
"SEMA4A","PLXND1","Signaling by Semaphorin","AUCell","AUCell",0.0596607142857018,-0.00527255997699632,0.051648092567867
"SEMA4A","PLXND1","Signaling by Semaphorin","Mean","AUCell",0.123165816326547,-0.00554658215108826,0.105186222796232
"SEMA4A","PLXND1","Signaling by Semaphorin","UCell","AUCell",0.0557168367346572,-0.00483669878947279,0.0760408073837897
"SEMA4A","PLXND1","Signaling by Semaphorin","ssGSEA","AUCell",0.0919948979591747,-0.0345413696856242,0.0203324335400751
"SEMA4A","PLXND1","Signaling by Semaphorin","GSVA","AUCell",0.101982142857123,-0.0166047743155195,-0.00381066055245965
"SEMA4A","PLXND1","Signaling by Semaphorin","Adaptive","AUCell",0.0617551020408135,0.00857449272921702,0.0597762819848409
"SEMA4C","PLXNB2","Signaling by Semaphorin","PC1","AUCell",0.05055867346939,0.0046056712369128,-0.0470608446833371
"SEMA4C","PLXNB2","Signaling by Semaphorin","AUCell","AUCell",0.0193775510204136,0.00581375222260785,-0.0256113135980088
"SEMA4C","PLXNB2","Signaling by Semaphorin","Mean","AUCell",0.118252551020404,0.0249905340485999,-0.234055706534011
"SEMA4C","PLXNB2","Signaling by Semaphorin","UCell","AUCell",0.0246913265306101,0.00817222283953328,-0.0303524978106023
"SEMA4C","PLXNB2","Signaling by Semaphorin","ssGSEA","AUCell",0.157727040816327,0.0836780249464641,-0.197769859067916
"SEMA4C","PLXNB2","Signaling by Semaphorin","GSVA","AUCell",0.0658112244897966,0.0171639248544191,-0.0635751895360422
"SEMA4C","PLXNB2","Signaling by Semaphorin","Adaptive","AUCell",0.0232117346938763,0.00492282108706193,-0.0275789140698502
"SEMA4D","CD72","Signaling by Semaphorin","PC1","ssGSEA",0.0499030612244933,-0.00979857978387257,0.0411411236667393
"SEMA4D","CD72","Signaling by Semaphorin","AUCell","ssGSEA",0.0172857142857139,-0.000842222793406646,-0.0649881253052374
"SEMA4D","CD72","Signaling by Semaphorin","Mean","ssGSEA",0.0364107142857203,-0.00401547363284378,0.0586809501700192
"SEMA4D","CD72","Signaling by Semaphorin","UCell","ssGSEA",0.0161403061224464,-0.00104419869173939,0.0372513403548053
"SEMA4D","CD72","Signaling by Semaphorin","ssGSEA","ssGSEA",0.0252627551020287,-0.00176897849680475,0.0343931000982902
"SEMA4D","CD72","Signaling by Semaphorin","GSVA","ssGSEA",0.0337704081632668,-0.00412523474047757,0.0799420051986571
"SEMA4D","CD72","Signaling by Semaphorin","Adaptive","ssGSEA",0.0238112244897943,-0.00175910298481951,0.0323481431218757
"SEMA4D","PLXNB2","Signaling by Semaphorin","PC1","ssGSEA",0.078474489795927,-0.0160404033157773,0.0283190780821972
"SEMA4D","PLXNB2","Signaling by Semaphorin","AUCell","ssGSEA",0.0240612244897934,-0.00050285073295497,-0.00335605121905705
"SEMA4D","PLXNB2","Signaling by Semaphorin","Mean","ssGSEA",0.0578826530612272,-0.00590797254103033,0.0456379391555756
"SEMA4D","PLXNB2","Signaling by Semaphorin","UCell","ssGSEA",0.023826530612244,-0.00124511361306152,-0.000923874012548546
"SEMA4D","PLXNB2","Signaling by Semaphorin","ssGSEA","ssGSEA",0.0377372448979567,-0.0025217146645217,0.0245868897403892
"SEMA4D","PLXNB2","Signaling by Semaphorin","GSVA","ssGSEA",0.0452525510204121,-0.00544095214567277,0.0362016100503676
"SEMA4D","PLXNB2","Signaling by Semaphorin","Adaptive","ssGSEA",0.035788265306127,-0.00260860702072323,0.0230032516567735
"SEMA4D","PTPRC","Signaling by Semaphorin","PC1","ssGSEA",0.0619897959183639,-0.011738819519972,0.0282485355065825
"SEMA4D","PTPRC","Signaling by Semaphorin","AUCell","ssGSEA",0.0244515306122434,-0.000394420090381371,0.0170297990103624
"SEMA4D","PTPRC","Signaling by Semaphorin","Mean","ssGSEA",0.0362984693877521,-0.00308282470355763,0.0121066107286025
"SEMA4D","PTPRC","Signaling by Semaphorin","UCell","ssGSEA",0.0236071428571409,-0.000782414839133405,0.00567992556932902
"SEMA4D","PTPRC","Signaling by Semaphorin","ssGSEA","ssGSEA",0.0340510204081618,-0.0021976414053316,0.0130438269942824
"SEMA4D","PTPRC","Signaling by Semaphorin","GSVA","ssGSEA",0.0392984693877633,-0.00475900064734011,0.0138955466390037
"SEMA4D","PTPRC","Signaling by Semaphorin","Adaptive","ssGSEA",0.0325357142857233,-0.00204643781808039,0.0123988184618802
"WNT7A","FZD3","Signaling by WNT","PC1","AUCell",0.0666887755102033,0.00519610907232546,0.0387752816375406
"WNT7A","FZD3","Signaling by WNT","AUCell","AUCell",0.018803571428567,-0.00318620111852395,-0.0302199126488418
"WNT7A","FZD3","Signaling by WNT","Mean","AUCell",0.099584183673483,-0.0169067452990347,0.166338864750715
"WNT7A","FZD3","Signaling by WNT","UCell","AUCell",0.0186505102040808,-0.00755983433374657,0.00983213730128137
"WNT7A","FZD3","Signaling by WNT","ssGSEA","AUCell",0.0944234693877768,-0.0418985464811496,0.0450608658789183
"WNT7A","FZD3","Signaling by WNT","GSVA","AUCell",0.0381479591836719,-0.0126958780823851,0.015514168055077
"WNT7A","FZD3","Signaling by WNT","Adaptive","AUCell",0.0184566326530633,-0.002432066796652,-0.0154244199209883
"ITGAV","ADGRE2","Signaling by Integrin","PC1","UCell",0.0915918367346868,0.0261044680410063,-0.110395195819161
"ITGAV","ADGRE2","Signaling by Integrin","AUCell","UCell",0.0212959183673492,-0.00738215606189808,-0.0204121674858451
"ITGAV","ADGRE2","Signaling by Integrin","Mean","UCell",0.0434056122448993,0.000653027482630048,-0.0407558056314545
"ITGAV","ADGRE2","Signaling by Integrin","UCell","UCell",0.019517857142856,0.00290967741047656,-0.00126248876259224
"ITGAV","ADGRE2","Signaling by Integrin","ssGSEA","UCell",0.0626862244897982,-0.000315004925948997,0.0850980965897428
"ITGAV","ADGRE2","Signaling by Integrin","GSVA","UCell",0.0382397959183691,0.00229460103481407,-0.0133770047392774
"ITGAV","ADGRE2","Signaling by Integrin","Adaptive","UCell",0.0200331632653062,0.00304437533705145,-0.00236753015798688
"ITGB1","ADGRE2","Signaling by Integrin","PC1","UCell",0.137933673469351,0.0153544840239041,-0.155446798413742
"ITGB1","ADGRE2","Signaling by Integrin","AUCell","UCell",0.0281938775510217,0.000440369281965132,-0.0322987021104677
"ITGB1","ADGRE2","Signaling by Integrin","Mean","UCell",0.0996760204081504,0.0213400897161931,-0.0787077961940675
"ITGB1","ADGRE2","Signaling by Integrin","UCell","UCell",0.0317448979591821,0.0149519556116953,-0.00869338055039798
"ITGB1","ADGRE2","Signaling by Integrin","ssGSEA","UCell",0.241010204081585,0.11336215641642,0.161922512695999
"ITGB1","ADGRE2","Signaling by Integrin","GSVA","UCell",0.0546530612244933,-0.00012564006833095,-0.0373627472524158
"ITGB1","ADGRE2","Signaling by Integrin","Adaptive","UCell",0.0311530612244975,0.0144151981124399,-0.00880661632995041
"ITGAV","ADGRE5","Signaling by Integrin","PC1","UCell",0.0806556122448814,0.0104828719100653,0.177235415037006
"ITGAV","ADGRE5","Signaling by Integrin","AUCell","UCell",0.0184795918367348,-0.0135227294170433,-0.000813146601489829
"ITGAV","ADGRE5","Signaling by Integrin","Mean","UCell",0.0332959183673498,1.00565349406853e-05,0.00627239634742336
"ITGAV","ADGRE5","Signaling by Integrin","UCell","UCell",0.0189642857142916,0.00259833170761999,0.0481022772560018
"ITGAV","ADGRE5","Signaling by Integrin","ssGSEA","UCell",0.0755051020408178,-0.00251712809043384,0.202989709477072
"ITGAV","ADGRE5","Signaling by Integrin","GSVA","UCell",0.0535331632653068,-0.000625852183125752,0.110201719622705
"ITGAV","ADGRE5","Signaling by Integrin","Adaptive","UCell",0.0181275510204063,0.00225460636292606,0.0525350307326343
"ITGB1","ADGRE5","Signaling by Integrin","PC1","UCell",0.0589974489796002,0.00371505434988294,0.068602727431514
"ITGB1","ADGRE5","Signaling by Integrin","AUCell","UCell",0.024415816326535,0.000636670929196567,0.0271310597895219
"ITGB1","ADGRE5","Signaling by Integrin","Mean","UCell",0.0594413265306066,0.0132118678017056,0.0158041947862677
"ITGB1","ADGRE5","Signaling by Integrin","UCell","UCell",0.0245127551020412,0.011851548169115,-0.0001838341745289
"ITGB1","ADGRE5","Signaling by Integrin","ssGSEA","UCell",0.156454081632692,0.0732377638949833,0.0555655606328642
"ITGB1","ADGRE5","Signaling by Integrin","GSVA","UCell",0.0453494897959155,-0.000314728337735163,0.0470976420262615
"ITGB1","ADGRE5","Signaling by Integrin","Adaptive","UCell",0.0261530612244943,0.0130588370423028,8.29491724251303e-05
