"Cell1","Cell2","ligand","receptor","pathway","n_iv_L","n_iv_R","window_overlap","n_shared_candidates","n_shared_selected","n_cross_L_nom","n_cross_R_nom","n_cross_L_bonf","n_cross_R_bonf","F_L","F_R","max_abs_r_L","max_abs_r_R","max_abs_r_LR","F_L_k5","F_R_k5","n_iv_L_k5","n_iv_R_k5","n_shared_k5","n_cross_k5","F_L_k10","F_R_k10","n_iv_L_k10","n_iv_R_k10","n_shared_k10","n_cross_k10","F_L_k20","F_R_k20","n_iv_L_k20","n_iv_R_k20","n_shared_k20","n_cross_k20","variant"
"NKCells","MonocytesCells","ICAM2","ITGB2","Adhesion by ICAM",10,3,FALSE,0,0,0,1,0,1,2.30890906319084,2.49688502624155,0.69355267963551,0.0760168422975395,0.0924583311302276,3.44983501928072,2.49688502624155,5,3,0,1,2.30890906319084,2.49688502624155,10,3,0,1,1.67774682672999,2.49688502624155,20,3,0,2,"narrow_100kb"
"NKCells","MonocytesCells","PPBP","CXCR2","Signaling by Chemokines",2,6,FALSE,0,0,0,0,0,0,0.952137135072595,0.999530175628108,0.012686029045926,0.886453092466223,0.0538201912604699,0.952137135072595,1.15472795784375,2,5,0,0,0.952137135072595,0.999530175628108,2,6,0,0,0.952137135072595,0.999530175628108,2,6,0,0,"narrow_100kb"
"NKCells","MonocytesCells","CXCL8","CXCR2","Signaling by Chemokines",10,6,FALSE,0,0,1,0,0,0,1.00180912492512,0.999530175628108,0.467397902425147,0.886453092466223,0.12393981783949,1.48958712085647,1.15472795784375,5,5,0,1,1.00180912492512,0.999530175628108,10,6,0,1,1.00180912492512,0.999530175628108,10,6,0,1,"narrow_100kb"
"NKCells","MonocytesCells","SLC6A6","GABBR1","Signaling by GABA",10,10,FALSE,0,0,2,1,0,0,1.54761329859525,1.3106183560405,0.670402616139585,0.750795702881671,0.131897862301304,2.42869958437798,1.18890801685109,5,5,0,2,1.54761329859525,1.3106183560405,10,10,0,3,0.985991690585967,1.13408772839381,20,20,0,5,"narrow_100kb"
"NKCells","MonocytesCells","IFNG","IFNGR1","Signaling by Interferon",10,10,FALSE,0,0,0,0,0,0,0.592348124121271,1.56565375021438,0.853956439630342,0.796752051027409,0.0891159474054945,1.10203644621809,2.85430293988225,5,5,0,0,0.592348124121271,1.56565375021438,10,10,0,0,0.427597772231311,1.60996977100674,14,14,0,0,"narrow_100kb"
"NKCells","MonocytesCells","IFNG","IFNGR2","Signaling by Interferon",10,10,FALSE,0,0,2,1,0,0,0.592348124121271,3.43850393446322,0.853956439630342,0.723433097102274,0.0861791938038133,1.10203644621809,6.26767719791897,5,5,0,1,0.592348124121271,3.43850393446322,10,10,0,3,0.427597772231311,2.31339173834914,14,16,0,5,"narrow_100kb"
"NKCells","MonocytesCells","IL23A","IL12RB1","Signaling by Interleukin",1,10,FALSE,0,0,0,0,0,0,0.898930297873927,0.53031272000317,NA,0.840000232324651,0.058074452285953,0.898930297873927,0.876085432147148,1,5,0,0,0.898930297873927,0.53031272000317,1,10,0,0,0.898930297873927,0.484566656863761,1,11,0,0,"narrow_100kb"
"NKCells","MonocytesCells","IL15","IL15RA","Signaling by Interleukin",3,10,FALSE,0,0,0,0,0,0,0.246013161520918,2.15883064139559,0.0492877312404407,0.214392571927149,0.0604905638382383,0.246013161520918,2.83399800014769,3,5,0,0,0.246013161520918,2.15883064139559,3,10,0,0,0.246013161520918,1.56579289581625,3,20,0,1,"narrow_100kb"
"NKCells","MonocytesCells","IL15","IL2RB","Signaling by Interleukin",3,10,FALSE,0,0,0,0,0,0,0.246013161520918,1.18734689636692,0.0492877312404407,0.789939627235688,0.115077733715683,0.246013161520918,2.18644735422449,3,5,0,0,0.246013161520918,1.18734689636692,3,10,0,0,0.246013161520918,0.907861233249352,3,17,0,0,"narrow_100kb"
"NKCells","MonocytesCells","IL18","IL18R1","Signaling by Interleukin",7,10,FALSE,0,0,1,0,0,0,5.35705351470485,1.97146674073564,0.738505794533232,0.780088603102271,0.120755259310832,6.31328425188809,3.59673505087483,5,5,0,0,5.35705351470485,1.97146674073564,7,10,0,1,5.35705351470485,1.31018353748748,7,19,0,2,"narrow_100kb"
"NKCells","MonocytesCells","IL18","IL18RAP","Signaling by Interleukin",7,10,FALSE,0,0,0,0,0,0,5.35705351470485,0.827768025212047,0.738505794533232,0.780088603102271,0.111027008236088,6.31328425188809,1.29384215570501,5,5,0,0,5.35705351470485,0.827768025212047,7,10,0,0,5.35705351470485,0.727426403800153,7,16,0,0,"narrow_100kb"
"NKCells","MonocytesCells","IL1B","IL1RAP","Signaling by Interleukin",10,10,FALSE,0,0,0,2,0,1,0.783886979769222,2.27784724289175,0.880083633087521,0.69704497528854,0.111199382598059,0.885229932691626,3.87430347557549,5,5,0,2,0.783886979769222,2.27784724289175,10,10,0,2,0.689669226866486,1.5136400017985,14,20,0,3,"narrow_100kb"
"NKCells","MonocytesCells","IL6","IL6R","Signaling by Interleukin",10,10,FALSE,0,0,0,0,0,0,1.64221823486685,0.852916406393215,0.865380383898506,0.780717335209039,0.085563161210244,2.788736189873,1.38528533019379,5,5,0,0,1.64221823486685,0.852916406393215,10,10,0,0,1.18039338304279,0.745792965913149,20,17,0,1,"narrow_100kb"
"NKCells","MonocytesCells","IL6","IL6ST","Signaling by Interleukin",10,10,FALSE,0,0,1,1,0,0,1.64221823486685,1.37339915375875,0.865380383898506,0.799726270016539,0.0960071044420408,2.788736189873,2.36092760479583,5,5,0,2,1.64221823486685,1.37339915375875,10,10,0,2,1.18039338304279,1.00898515985338,20,14,0,2,"narrow_100kb"
"NKCells","MonocytesCells","CLEC2B","KLRF1","Signaling by Leptin",10,10,TRUE,13,5,1,2,0,0,2.28691238945116,1.65246274767657,0.761956511206161,0.761956511206161,1,3.95933496801153,2.83839705373982,5,5,1,2,2.28691238945116,1.65246274767657,10,10,5,3,1.48687204685462,1.30392396842594,20,13,13,5,"narrow_100kb"
"NKCells","MonocytesCells","AKR1C3","PTGDR","Signaling by Prostaglandin",10,10,FALSE,0,0,0,0,0,0,2.46577129793782,1.46972960495799,0.573002732918172,0.732476757194041,0.124916563535881,3.75046831098689,1.60058833452366,5,5,0,0,2.46577129793782,1.46972960495799,10,10,0,0,1.69606019783229,1.33965347196764,20,11,0,0,"narrow_100kb"
"NKCells","MonocytesCells","PTGES2","PTGER2","Signaling by Prostaglandin",3,10,FALSE,0,0,0,0,0,0,0.102615569976657,1.28487343626908,0.737721323297775,0.707163918994036,0.0737398830670031,0.102615569976657,1.65408579046367,3,5,0,0,0.102615569976657,1.28487343626908,3,10,0,0,0.102615569976657,1.16683035200644,3,11,0,0,"narrow_100kb"
"NKCells","MonocytesCells","PTGES2","PTGER4","Signaling by Prostaglandin",3,6,FALSE,0,0,0,1,0,0,0.102615569976657,0.948397751406907,0.737721323297775,0.532904806848915,0.0932084922349295,0.102615569976657,1.13795607816425,3,5,0,0,0.102615569976657,0.948397751406907,3,6,0,1,0.102615569976657,0.948397751406907,3,6,0,1,"narrow_100kb"
"NKCells","MonocytesCells","PTGES3","PTGER2","Signaling by Prostaglandin",3,10,FALSE,0,0,0,0,0,0,0.265649959550661,1.28487343626908,0.441525089855148,0.707163918994036,0.0575262139165696,0.265649959550661,1.65408579046367,3,5,0,0,0.265649959550661,1.28487343626908,3,10,0,0,0.265649959550661,1.16683035200644,3,11,0,0,"narrow_100kb"
"NKCells","MonocytesCells","PTGES3","PTGER4","Signaling by Prostaglandin",3,6,FALSE,0,0,2,2,1,0,0.265649959550661,0.948397751406907,0.441525089855148,0.532904806848915,0.105796747303674,0.265649959550661,1.13795607816425,3,5,0,4,0.265649959550661,0.948397751406907,3,6,0,4,0.265649959550661,0.948397751406907,3,6,0,4,"narrow_100kb"
"NKCells","MonocytesCells","SEMA4A","PLXND1","Signaling by Semaphorin",1,10,FALSE,0,0,1,0,1,0,0.782301722025577,1.88943471031003,NA,0.785737148603256,0.039063348378329,0.782301722025577,3.56588489230975,1,5,0,1,0.782301722025577,1.88943471031003,1,10,0,1,0.782301722025577,1.88943471031003,1,10,0,1,"narrow_100kb"
"NKCells","MonocytesCells","SEMA4C","PLXNB2","Signaling by Semaphorin",1,2,FALSE,0,0,0,2,0,0,0.0329408710800944,7.08749427168274,NA,0.156250556790214,0.081079749947544,0.0329408710800944,7.08749427168274,1,2,0,2,0.0329408710800944,7.08749427168274,1,2,0,2,0.0329408710800944,7.08749427168274,1,2,0,2,"narrow_100kb"
"NKCells","MonocytesCells","SEMA4D","CD72","Signaling by Semaphorin",10,3,FALSE,0,0,0,1,0,0,4.34587757213885,0.202233517991522,0.890071715715006,0.823004802359852,0.122088259603394,6.91710729833926,0.202233517991522,5,3,0,1,4.34587757213885,0.202233517991522,10,3,0,1,2.93325167589063,0.202233517991522,17,3,0,1,"narrow_100kb"
"NKCells","MonocytesCells","SEMA4D","PLXNB2","Signaling by Semaphorin",10,2,FALSE,0,0,1,0,0,0,4.34587757213885,7.08749427168274,0.890071715715006,0.156250556790214,0.0922968820263797,6.91710729833926,7.08749427168274,5,2,0,1,4.34587757213885,7.08749427168274,10,2,0,1,2.93325167589063,7.08749427168274,17,2,0,3,"narrow_100kb"
"NKCells","MonocytesCells","SEMA4D","PTPRC","Signaling by Semaphorin",10,10,FALSE,0,0,2,1,0,0,4.34587757213885,2.61168315864948,0.890071715715006,0.682244614236225,0.0909330498328317,6.91710729833926,4.64171848570364,5,5,0,1,4.34587757213885,2.61168315864948,10,10,0,3,2.93325167589063,1.54087761458004,17,20,0,3,"narrow_100kb"
"NKCells","MonocytesCells","WNT7A","FZD3","Signaling by WNT",10,10,FALSE,0,0,4,0,0,0,1.6979235967646,0.936444846108504,0.893980296449126,0.841118958684959,0.108540417179274,2.67645245559833,1.39536481935047,5,5,0,1,1.6979235967646,0.936444846108504,10,10,0,4,1.23700510442355,0.647780524823899,16,20,0,4,"narrow_100kb"
"NKCells","MonocytesCells","ITGAV","ADGRE2","Signaling by Integrin",10,10,FALSE,0,0,1,0,0,0,1.00180638276911,4.89436510715387,0.710737493563971,0.801014466009339,0.0936747801191678,1.48341892497959,9.03605272031726,5,5,0,0,1.00180638276911,4.89436510715387,10,10,0,1,1.00180638276911,3.209877794564,10,20,0,1,"narrow_100kb"
"NKCells","MonocytesCells","ITGB1","ADGRE2","Signaling by Integrin",10,10,FALSE,0,0,0,0,0,0,2.32743244588334,4.89436510715387,0.885706139613203,0.801014466009339,0.0958362008340082,4.41305122554246,9.03605272031726,5,5,0,0,2.32743244588334,4.89436510715387,10,10,0,0,1.42955349609667,3.209877794564,19,20,0,2,"narrow_100kb"
"NKCells","MonocytesCells","ITGAV","ADGRE5","Signaling by Integrin",10,3,FALSE,0,0,0,0,0,0,1.00180638276911,0.448579719117323,0.710737493563971,0.233598243840767,0.0782862503669248,1.48341892497959,0.448579719117323,5,3,0,0,1.00180638276911,0.448579719117323,10,3,0,0,1.00180638276911,0.448579719117323,10,3,0,0,"narrow_100kb"
"NKCells","MonocytesCells","ITGB1","ADGRE5","Signaling by Integrin",10,3,FALSE,0,0,0,0,0,0,2.32743244588334,0.448579719117323,0.885706139613203,0.233598243840767,0.0935116068126148,4.41305122554246,0.448579719117323,5,3,0,0,2.32743244588334,0.448579719117323,10,3,0,0,1.42955349609667,0.448579719117323,19,3,0,1,"narrow_100kb"
"NKCells","MonocytesCells","ICAM1","ITGAL","Adhesion by ICAM",2,1,FALSE,0,0,0,0,0,0,1.53904162175233,0.0886155084915291,0.0484651097193053,NA,0.0525345483295265,1.53904162175233,0.0886155084915291,2,1,0,0,1.53904162175233,0.0886155084915291,2,1,0,0,1.53904162175233,0.0886155084915291,2,1,0,0,"primary_200kb"
"NKCells","MonocytesCells","ICAM1","ITGB2","Adhesion by ICAM",2,10,FALSE,0,0,0,1,0,0,1.53904162175233,2.28839183875656,0.0484651097193053,0.80473612409117,0.0849012711157595,1.53904162175233,3.16922321724007,2,5,0,1,1.53904162175233,2.28839183875656,2,10,0,1,1.53904162175233,1.53461006756185,2,20,0,1,"primary_200kb"
"NKCells","MonocytesCells","ICAM1","ITGAM","Adhesion by ICAM",2,10,FALSE,0,0,0,2,0,0,1.53904162175233,1.6940322126465,0.0484651097193053,0.707560011124729,0.0803121063309208,1.53904162175233,2.49192812208138,2,5,0,1,1.53904162175233,1.6940322126465,2,10,0,2,1.53904162175233,1.07868741920263,2,19,0,4,"primary_200kb"
"NKCells","MonocytesCells","ICAM1","ITGAX","Adhesion by ICAM",2,10,FALSE,0,0,1,2,0,0,1.53904162175233,1.79149341392631,0.0484651097193053,0.84725969937727,0.0803121063309208,1.53904162175233,2.77428714531742,2,5,0,2,1.53904162175233,1.79149341392631,2,10,0,3,1.53904162175233,1.12842479013529,2,19,0,5,"primary_200kb"
"NKCells","MonocytesCells","ICAM2","ITGAL","Adhesion by ICAM",10,1,FALSE,0,0,0,0,0,0,2.49633999956493,0.0886155084915291,0.69355267963551,NA,0.0766029519906385,3.38618105065864,0.0886155084915291,5,1,0,0,2.49633999956493,0.0886155084915291,10,1,0,0,1.55608469378178,0.0886155084915291,20,1,0,0,"primary_200kb"
"NKCells","MonocytesCells","ICAM2","ITGB2","Adhesion by ICAM",10,10,FALSE,0,0,0,0,0,0,2.49633999956493,2.28839183875656,0.69355267963551,0.80473612409117,0.112872880111629,3.38618105065864,3.16922321724007,5,5,0,0,2.49633999956493,2.28839183875656,10,10,0,0,1.55608469378178,1.53461006756185,20,20,0,2,"primary_200kb"
"NKCells","MonocytesCells","ICAM3","ITGB2","Adhesion by ICAM",2,10,FALSE,0,0,0,4,0,0,1.52233547066817,2.28839183875656,0.0484651097193053,0.80473612409117,0.0849012711157595,1.52233547066817,3.16922321724007,2,5,0,3,1.52233547066817,2.28839183875656,2,10,0,4,1.52233547066817,1.53461006756185,2,20,0,5,"primary_200kb"
"NKCells","MonocytesCells","ICAM3","ITGAL","Adhesion by ICAM",2,1,FALSE,0,0,0,0,0,0,1.52233547066817,0.0886155084915291,0.0484651097193053,NA,0.0525345483295265,1.52233547066817,0.0886155084915291,2,1,0,0,1.52233547066817,0.0886155084915291,2,1,0,0,1.52233547066817,0.0886155084915291,2,1,0,0,"primary_200kb"
"NKCells","MonocytesCells","ICAM4","ITGAL","Adhesion by ICAM",2,1,FALSE,0,0,0,0,0,0,0.172239426174737,0.0886155084915291,0.0484651097193053,NA,0.0525345483295265,0.172239426174737,0.0886155084915291,2,1,0,0,0.172239426174737,0.0886155084915291,2,1,0,0,0.172239426174737,0.0886155084915291,2,1,0,0,"primary_200kb"
"NKCells","MonocytesCells","ICAM4","ITGB2","Adhesion by ICAM",2,10,FALSE,0,0,0,3,0,0,0.172239426174737,2.28839183875656,0.0484651097193053,0.80473612409117,0.0849012711157595,0.172239426174737,3.16922321724007,2,5,0,3,0.172239426174737,2.28839183875656,2,10,0,3,0.172239426174737,1.53461006756185,2,20,0,5,"primary_200kb"
"NKCells","MonocytesCells","CCL28","CCR10","Signaling by Chemokines",10,2,FALSE,0,0,1,0,0,0,0.658152213403988,0.480863538071983,0.777911099138274,0.0412069570308631,0.100729139196153,1.11729793162991,0.480863538071983,5,2,0,0,0.658152213403988,0.480863538071983,10,2,0,1,0.658152213403988,0.480863538071983,10,2,0,1,"primary_200kb"
"NKCells","MonocytesCells","PPBP","CXCR2","Signaling by Chemokines",6,6,FALSE,0,0,0,0,0,0,1.22978820027038,0.999530175628108,0.607387925798823,0.886453092466223,0.12393981783949,1.30088954563076,1.15472795784375,5,5,0,0,1.22978820027038,0.999530175628108,6,6,0,0,1.22978820027038,0.999530175628108,6,6,0,0,"primary_200kb"
"NKCells","MonocytesCells","CXCL8","CXCR2","Signaling by Chemokines",10,6,FALSE,0,0,1,0,0,0,1.00180912492512,0.999530175628108,0.467397902425147,0.886453092466223,0.12393981783949,1.48958712085647,1.15472795784375,5,5,0,1,1.00180912492512,0.999530175628108,10,6,0,1,1.00180912492512,0.999530175628108,10,6,0,1,"primary_200kb"
"NKCells","MonocytesCells","LIPA","RORA","Signaling by Cholesterol",3,10,FALSE,0,0,0,1,0,0,1.25148393742573,1.49340209686293,0.696873661117494,0.717896086641885,0.0768813470647428,1.25148393742573,2.36101263165776,3,5,0,0,1.25148393742573,1.49340209686293,3,10,0,1,1.25148393742573,1.41564303106524,3,13,0,1,"primary_200kb"
"NKCells","MonocytesCells","SLC6A6","GABBR1","Signaling by GABA",10,10,FALSE,0,0,2,1,0,0,1.54761329859525,1.08302453627649,0.670402616139585,0.885554825936695,0.131897862301304,2.42869958437798,1.68905472186912,5,5,0,2,1.54761329859525,1.08302453627649,10,10,0,3,0.985991690585967,0.908160676559065,20,20,0,5,"primary_200kb"
"NKCells","MonocytesCells","IFNG","IFNGR1","Signaling by Interferon",10,10,FALSE,0,0,0,0,0,0,0.931068506597488,1.56565375021438,0.72928029931187,0.796752051027409,0.10310987234618,0.806641739709916,2.85430293988225,5,5,0,0,0.931068506597488,1.56565375021438,10,10,0,0,0.517369275898158,1.60996977100674,20,14,0,0,"primary_200kb"
"NKCells","MonocytesCells","IFNG","IFNGR2","Signaling by Interferon",10,10,FALSE,0,0,0,1,0,0,0.931068506597488,3.458181230446,0.72928029931187,0.723433097102274,0.105870713024708,0.806641739709916,6.26767719791897,5,5,0,1,0.931068506597488,3.458181230446,10,10,0,1,0.517369275898158,2.11334366178406,20,19,0,4,"primary_200kb"
"NKCells","MonocytesCells","IL23A","IL12RB1","Signaling by Interleukin",1,10,FALSE,0,0,0,0,0,0,0.898930297873927,2.49149563695195,NA,0.423917471668701,0.108751856637194,0.898930297873927,4.15757595672893,1,5,0,0,0.898930297873927,2.49149563695195,1,10,0,0,0.898930297873927,1.45506719397557,1,20,0,0,"primary_200kb"
"NKCells","MonocytesCells","IL15","IL15RA","Signaling by Interleukin",3,10,FALSE,0,0,0,0,0,0,0.246013161520918,2.80735801108885,0.0492877312404407,0.270742685713163,0.0604905638382383,0.246013161520918,3.76009237613945,3,5,0,0,0.246013161520918,2.80735801108885,3,10,0,0,0.246013161520918,1.7109468225201,3,20,0,0,"primary_200kb"
"NKCells","MonocytesCells","IL15","IL2RB","Signaling by Interleukin",3,10,FALSE,0,0,0,1,0,0,0.246013161520918,2.37095785256495,0.0492877312404407,0.479723613412594,0.088763977486889,0.246013161520918,3.38376280656817,3,5,0,1,0.246013161520918,2.37095785256495,3,10,0,1,0.246013161520918,1.59074094895392,3,20,0,1,"primary_200kb"
"NKCells","MonocytesCells","IL18","IL18R1","Signaling by Interleukin",10,10,FALSE,0,0,1,0,0,0,4.1439635598313,2.59139653784549,0.738505794533232,0.780088603102271,0.120755259310832,6.90317645092712,3.59673505087483,5,5,0,0,4.1439635598313,2.59139653784549,10,10,0,1,4.1439635598313,1.41223374820314,10,20,0,2,"primary_200kb"
"NKCells","MonocytesCells","IL18","IL18RAP","Signaling by Interleukin",10,10,FALSE,0,0,0,1,0,0,4.1439635598313,1.26998114710775,0.738505794533232,0.780088603102271,0.105592237550326,6.90317645092712,2.00115349837625,5,5,0,1,4.1439635598313,1.26998114710775,10,10,0,1,4.1439635598313,0.943116511581437,10,20,0,1,"primary_200kb"
"NKCells","MonocytesCells","IL1B","IL1RAP","Signaling by Interleukin",10,10,FALSE,0,0,0,2,0,1,0.783886979769222,2.27784724289175,0.880083633087521,0.69704497528854,0.111199382598059,0.885229932691626,3.87430347557549,5,5,0,2,0.783886979769222,2.27784724289175,10,10,0,2,0.689669226866486,1.5136400017985,14,20,0,3,"primary_200kb"
"NKCells","MonocytesCells","IL6","IL6R","Signaling by Interleukin",10,10,FALSE,0,0,0,0,0,0,2.64273841712663,0.884519175537716,0.865380383898506,0.762315954572978,0.0784184616544314,3.99807461164465,1.38528533019379,5,5,0,0,2.64273841712663,0.884519175537716,10,10,0,0,1.63562005012995,0.621742141317818,20,20,0,0,"primary_200kb"
"NKCells","MonocytesCells","IL6","IL6ST","Signaling by Interleukin",10,10,FALSE,0,0,1,1,0,0,2.64273841712663,2.01823863270044,0.865380383898506,0.799726270016539,0.109478701767887,3.99807461164465,3.01000207511136,5,5,0,2,2.64273841712663,2.01823863270044,10,10,0,2,1.63562005012995,1.17455137845472,20,20,0,3,"primary_200kb"
"NKCells","MonocytesCells","CLEC2B","KLRF1","Signaling by Leptin",10,10,TRUE,29,4,1,3,0,0,2.48720655909484,2.21960513717201,0.870851065729343,0.761956511206161,1,3.83574246922929,3.63564046113531,5,5,0,1,2.48720655909484,2.21960513717201,10,10,4,4,1.66153589631296,1.64445124893684,20,20,13,5,"primary_200kb"
"NKCells","MonocytesCells","AKR1C3","PTGDR","Signaling by Prostaglandin",10,10,FALSE,0,0,0,0,0,0,2.46577129793782,1.46972960495799,0.573002732918172,0.732476757194041,0.124916563535881,3.75046831098689,1.60058833452366,5,5,0,0,2.46577129793782,1.46972960495799,10,10,0,0,1.69606019783229,1.33965347196764,20,11,0,0,"primary_200kb"
"NKCells","MonocytesCells","PTGES2","PTGER2","Signaling by Prostaglandin",8,10,FALSE,0,0,0,0,0,0,0.179117647070796,1.64623147012753,0.737721323297775,0.687563058798069,0.104179539753434,0.244456634253853,2.17228017667135,5,5,0,0,0.179117647070796,1.64623147012753,8,10,0,0,0.179117647070796,1.37564221494995,8,12,0,0,"primary_200kb"
"NKCells","MonocytesCells","PTGES2","PTGER4","Signaling by Prostaglandin",8,9,FALSE,0,0,2,1,1,0,0.179117647070796,1.04681854570709,0.737721323297775,0.532904806848915,0.0932084922349295,0.244456634253853,1.33248120087782,5,5,0,1,0.179117647070796,1.04681854570709,8,9,0,3,0.179117647070796,1.04681854570709,8,9,0,3,"primary_200kb"
"NKCells","MonocytesCells","PTGES3","PTGER2","Signaling by Prostaglandin",3,10,FALSE,0,0,0,0,0,0,0.265649959550661,1.64623147012753,0.441525089855148,0.687563058798069,0.0575262139165696,0.265649959550661,2.17228017667135,3,5,0,0,0.265649959550661,1.64623147012753,3,10,0,0,0.265649959550661,1.37564221494995,3,12,0,0,"primary_200kb"
"NKCells","MonocytesCells","PTGES3","PTGER4","Signaling by Prostaglandin",3,9,FALSE,0,0,2,2,1,0,0.265649959550661,1.04681854570709,0.441525089855148,0.532904806848915,0.105796747303674,0.265649959550661,1.33248120087782,3,5,0,3,0.265649959550661,1.04681854570709,3,9,0,4,0.265649959550661,1.04681854570709,3,9,0,4,"primary_200kb"
"NKCells","MonocytesCells","SEMA4A","PLXND1","Signaling by Semaphorin",2,10,FALSE,0,0,1,0,1,0,1.38363727063925,1.88943471031003,0.0181732402897203,0.785737148603256,0.08881304361667,1.38363727063925,3.56588489230975,2,5,0,1,1.38363727063925,1.88943471031003,2,10,0,1,1.38363727063925,1.88943471031003,2,10,0,1,"primary_200kb"
"NKCells","MonocytesCells","SEMA4C","PLXNB2","Signaling by Semaphorin",9,10,FALSE,0,0,1,4,0,0,0.438244800285894,2.24399517395348,0.884096061376814,0.622247172944682,0.117051647089595,0.243957273364067,3.24301635331008,5,5,0,4,0.438244800285894,2.24399517395348,9,10,0,5,0.438244800285894,2.01731028404693,9,12,0,5,"primary_200kb"
"NKCells","MonocytesCells","SEMA4D","CD72","Signaling by Semaphorin",10,3,FALSE,0,0,0,1,0,0,4.37168548810905,0.202233517991522,0.847819644605567,0.823004802359852,0.122088259603394,6.91710729833926,0.202233517991522,5,3,0,1,4.37168548810905,0.202233517991522,10,3,0,1,2.62766051124631,0.202233517991522,20,3,0,1,"primary_200kb"
"NKCells","MonocytesCells","SEMA4D","PLXNB2","Signaling by Semaphorin",10,10,FALSE,0,0,1,1,0,0,4.37168548810905,2.24399517395348,0.847819644605567,0.622247172944682,0.122579111852658,6.91710729833926,3.24301635331008,5,5,0,1,4.37168548810905,2.24399517395348,10,10,0,2,2.62766051124631,2.01731028404693,20,12,0,3,"primary_200kb"
"NKCells","MonocytesCells","SEMA4D","PTPRC","Signaling by Semaphorin",10,10,FALSE,0,0,1,1,0,0,4.37168548810905,2.61168315864948,0.847819644605567,0.682244614236225,0.0909330498328317,6.91710729833926,4.64171848570364,5,5,0,1,4.37168548810905,2.61168315864948,10,10,0,2,2.62766051124631,1.54087761458004,20,20,0,4,"primary_200kb"
"NKCells","MonocytesCells","WNT7A","FZD3","Signaling by WNT",10,10,FALSE,0,0,4,0,0,0,1.6979235967646,2.29549391052743,0.893980296449126,0.33976873288412,0.0901482234141012,2.67645245559833,3.32236775684707,5,5,0,1,1.6979235967646,2.29549391052743,10,10,0,4,1.23700510442355,1.40463756391168,16,20,0,5,"primary_200kb"
"NKCells","MonocytesCells","ITGAV","ADGRE2","Signaling by Integrin",10,10,FALSE,0,0,1,0,0,0,0.947632671952149,4.92721058541427,0.876285070447218,0.801014466009339,0.104327517275412,1.48341892497959,9.03605272031726,5,5,0,0,0.947632671952149,4.92721058541427,10,10,0,1,0.810974039098893,2.97953621491095,13,20,0,1,"primary_200kb"
"NKCells","MonocytesCells","ITGB1","ADGRE2","Signaling by Integrin",10,10,FALSE,0,0,0,0,0,0,2.32743244588334,4.92721058541427,0.885706139613203,0.801014466009339,0.0958362008340082,4.41305122554246,9.03605272031726,5,5,0,0,2.32743244588334,4.92721058541427,10,10,0,0,1.42955349609667,2.97953621491095,19,20,0,2,"primary_200kb"
"NKCells","MonocytesCells","ITGAV","ADGRE5","Signaling by Integrin",10,8,FALSE,0,0,0,0,0,0,0.947632671952149,0.729751948729949,0.876285070447218,0.587680817585595,0.104686328943729,1.48341892497959,1.17109640621339,5,5,0,0,0.947632671952149,0.729751948729949,10,8,0,0,0.810974039098893,0.729751948729949,13,8,0,0,"primary_200kb"
"NKCells","MonocytesCells","ITGB1","ADGRE5","Signaling by Integrin",10,8,FALSE,0,0,0,0,0,0,2.32743244588334,0.729751948729949,0.885706139613203,0.587680817585595,0.0935116068126148,4.41305122554246,1.17109640621339,5,5,0,0,2.32743244588334,0.729751948729949,10,8,0,0,1.42955349609667,0.729751948729949,19,8,0,1,"primary_200kb"
"NKCells","MonocytesCells","ICAM1","ITGAL","Adhesion by ICAM",10,1,FALSE,0,0,0,0,0,0,1.18448980513188,0.0886155084915291,0.569824072837379,NA,0.116370861755253,1.84783964618371,0.0886155084915291,5,1,0,0,1.18448980513188,0.0886155084915291,10,1,0,0,0.692740747505484,0.0886155084915291,20,1,0,0,"wide_500kb"
"NKCells","MonocytesCells","ICAM1","ITGB2","Adhesion by ICAM",10,10,FALSE,0,0,0,1,0,0,1.18448980513188,2.6962561358083,0.569824072837379,0.80473612409117,0.123702229997524,1.84783964618371,3.16922321724007,5,5,0,1,1.18448980513188,2.6962561358083,10,10,0,1,0.692740747505484,1.93320754237543,20,20,0,2,"wide_500kb"
"NKCells","MonocytesCells","ICAM1","ITGAM","Adhesion by ICAM",10,10,FALSE,0,0,1,2,0,0,1.18448980513188,2.3884560932611,0.569824072837379,0.707560011124729,0.0999147900542597,1.84783964618371,3.58200948616521,5,5,0,1,1.18448980513188,2.3884560932611,10,10,0,3,0.692740747505484,1.31073009878478,20,20,0,5,"wide_500kb"
"NKCells","MonocytesCells","ICAM1","ITGAX","Adhesion by ICAM",10,10,FALSE,0,0,1,1,0,0,1.18448980513188,1.74359672504525,0.569824072837379,0.84725969937727,0.113205336871339,1.84783964618371,2.77428714531742,5,5,0,2,1.18448980513188,1.74359672504525,10,10,0,2,0.692740747505484,1.03269135254814,20,20,0,5,"wide_500kb"
"NKCells","MonocytesCells","ICAM2","ITGAL","Adhesion by ICAM",10,1,FALSE,0,0,0,0,0,0,2.49633999956493,0.0886155084915291,0.69355267963551,NA,0.0766029519906385,3.38618105065864,0.0886155084915291,5,1,0,0,2.49633999956493,0.0886155084915291,10,1,0,0,1.64400389185318,0.0886155084915291,20,1,0,0,"wide_500kb"
"NKCells","MonocytesCells","ICAM2","ITGB2","Adhesion by ICAM",10,10,FALSE,0,0,0,0,0,0,2.49633999956493,2.6962561358083,0.69355267963551,0.80473612409117,0.112872880111629,3.38618105065864,3.16922321724007,5,5,0,0,2.49633999956493,2.6962561358083,10,10,0,0,1.64400389185318,1.93320754237543,20,20,0,2,"wide_500kb"
"NKCells","MonocytesCells","ICAM3","ITGB2","Adhesion by ICAM",10,10,FALSE,0,0,0,5,0,0,1.68784174509086,2.6962561358083,0.889819385369565,0.80473612409117,0.116385156575688,2.07286745775854,3.16922321724007,5,5,0,3,1.68784174509086,2.6962561358083,10,10,0,5,1.11306744939853,1.93320754237543,20,20,0,6,"wide_500kb"
"NKCells","MonocytesCells","ICAM3","ITGAL","Adhesion by ICAM",10,1,FALSE,0,0,0,0,0,0,1.68784174509086,0.0886155084915291,0.889819385369565,NA,0.0376108167817751,2.07286745775854,0.0886155084915291,5,1,0,0,1.68784174509086,0.0886155084915291,10,1,0,0,1.11306744939853,0.0886155084915291,20,1,0,1,"wide_500kb"
"NKCells","MonocytesCells","ICAM4","ITGAL","Adhesion by ICAM",10,1,FALSE,0,0,1,0,0,0,2.82398375218976,0.0886155084915291,0.489376803358396,NA,0.116370861755253,3.88509125149129,0.0886155084915291,5,1,0,0,2.82398375218976,0.0886155084915291,10,1,0,1,2.11579694240547,0.0886155084915291,20,1,0,1,"wide_500kb"
"NKCells","MonocytesCells","ICAM4","ITGB2","Adhesion by ICAM",10,10,FALSE,0,0,1,3,0,0,2.82398375218976,2.6962561358083,0.489376803358396,0.80473612409117,0.116385156575688,3.88509125149129,3.16922321724007,5,5,0,4,2.82398375218976,2.6962561358083,10,10,0,4,2.11579694240547,1.93320754237543,20,20,0,4,"wide_500kb"
"NKCells","MonocytesCells","CCL28","CCR10","Signaling by Chemokines",10,10,FALSE,0,0,1,0,0,0,0.939095235503493,2.33232558982,0.777911099138274,0.876502247302461,0.100729139196153,1.66926364987106,3.54071711124968,5,5,0,0,0.939095235503493,2.33232558982,10,10,0,1,0.656093864792062,1.33378626146545,15,18,0,2,"wide_500kb"
"NKCells","MonocytesCells","PPBP","CXCR2","Signaling by Chemokines",10,10,FALSE,0,0,0,0,0,0,1.73892977358545,0.850587253847365,0.381148764509491,0.886453092466223,0.144949146474715,2.5244779313749,1.29727463865124,5,5,0,0,1.73892977358545,0.850587253847365,10,10,0,0,0.95408689748031,0.850587253847365,20,10,0,1,"wide_500kb"
"NKCells","MonocytesCells","CXCL8","CXCR2","Signaling by Chemokines",10,10,FALSE,0,0,1,0,0,0,1.4539955047078,0.850587253847365,0.607387925798823,0.886453092466223,0.12393981783949,2.27308506076869,1.29727463865124,5,5,0,0,1.4539955047078,0.850587253847365,10,10,0,1,1.24759518379737,0.850587253847365,17,10,0,1,"wide_500kb"
"NKCells","MonocytesCells","LIPA","RORA","Signaling by Cholesterol",8,10,FALSE,0,0,0,1,0,0,1.20964019821336,1.49340209686293,0.696873661117494,0.717896086641885,0.0951571428303262,1.3532504491131,2.36101263165776,5,5,0,0,1.20964019821336,1.49340209686293,8,10,0,1,1.20964019821336,1.41564303106524,8,13,0,1,"wide_500kb"
"NKCells","MonocytesCells","EFNA4","EPHA1","Signaling by Ephrin",7,10,FALSE,0,0,0,0,0,0,0.913560052633868,1.25682136888023,0.782359169922385,0.791122167324483,0.0803555598606156,1.24260809874965,1.6810299349861,5,5,0,0,0.913560052633868,1.25682136888023,7,10,0,0,0.913560052633868,1.22274384736269,7,11,0,0,"wide_500kb"
"NKCells","MonocytesCells","EFNA4","EPHA4","Signaling by Ephrin",7,10,FALSE,0,0,0,1,0,0,0.913560052633868,1.09568630561021,0.782359169922385,0.739844019667732,0.0667817640232279,1.24260809874965,1.72455161821368,5,5,0,0,0.913560052633868,1.09568630561021,7,10,0,1,0.913560052633868,1.18382432595435,7,17,0,1,"wide_500kb"
"NKCells","MonocytesCells","SLC6A6","GABBR1","Signaling by GABA",10,10,FALSE,0,0,1,0,0,0,2.4879143816886,3.25088139143516,0.753211182003889,0.857933443876307,0.113352204762712,4.18715546474542,3.45534654687805,5,5,0,1,2.4879143816886,3.25088139143516,10,10,0,1,1.54992087096723,1.89204611344844,20,20,0,4,"wide_500kb"
"NKCells","MonocytesCells","IFNG","IFNGR1","Signaling by Interferon",10,10,FALSE,0,0,1,0,1,0,1.49135690735113,1.71853098583199,0.823048173968082,0.796752051027409,0.10310987234618,2.19409893165714,2.76956443332899,5,5,0,1,1.49135690735113,1.71853098583199,10,10,0,1,1.07801405687103,1.52360344440758,20,16,0,1,"wide_500kb"
"NKCells","MonocytesCells","IFNG","IFNGR2","Signaling by Interferon",10,10,FALSE,0,0,0,3,0,0,1.49135690735113,3.92797184726162,0.823048173968082,0.723433097102274,0.0911271938440086,2.19409893165714,5.27077162636462,5,5,0,2,1.49135690735113,3.92797184726162,10,10,0,3,1.07801405687103,2.12898893705778,20,20,0,3,"wide_500kb"
"NKCells","MonocytesCells","IL23A","IL12RB1","Signaling by Interleukin",7,10,FALSE,0,0,0,0,0,0,1.617196852137,6.02366771648099,0.441525089855148,0.418266881485131,0.108751856637194,1.73452430213328,8.05077351278453,5,5,0,0,1.617196852137,6.02366771648099,7,10,0,0,1.617196852137,3.34202832939399,7,20,0,0,"wide_500kb"
"NKCells","MonocytesCells","IL15","IL15RA","Signaling by Interleukin",10,10,FALSE,0,0,0,0,0,0,0.944554721340313,2.95077937341842,0.885138723274016,0.270742685713163,0.124195445290791,1.32582060852046,3.76009237613945,5,5,0,0,0.944554721340313,2.95077937341842,10,10,0,0,0.70388885777977,2.01037547317605,15,20,0,0,"wide_500kb"
"NKCells","MonocytesCells","IL15","IL2RB","Signaling by Interleukin",10,10,FALSE,0,0,0,0,0,0,0.944554721340313,3.38412530433534,0.885138723274016,0.614282892459673,0.108812180824281,1.32582060852046,4.67868263389725,5,5,0,0,0.944554721340313,3.38412530433534,10,10,0,0,0.70388885777977,2.74307503951366,15,20,0,2,"wide_500kb"
"NKCells","MonocytesCells","IL18","IL18R1","Signaling by Interleukin",10,10,FALSE,0,0,1,0,0,0,4.16481132520764,2.59139653784549,0.738505794533232,0.780088603102271,0.102099560674434,6.90317645092712,3.59673505087483,5,5,0,0,4.16481132520764,2.59139653784549,10,10,0,1,3.23258766435706,1.41223374820314,14,20,0,2,"wide_500kb"
"NKCells","MonocytesCells","IL18","IL18RAP","Signaling by Interleukin",10,10,FALSE,0,0,0,1,0,0,4.16481132520764,1.26998114710775,0.738505794533232,0.780088603102271,0.0909025693791171,6.90317645092712,2.00115349837625,5,5,0,1,4.16481132520764,1.26998114710775,10,10,0,1,3.23258766435706,0.943116511581437,14,20,0,1,"wide_500kb"
"NKCells","MonocytesCells","IL1B","IL1RAP","Signaling by Interleukin",10,10,FALSE,0,0,0,2,0,1,1.23612298773505,2.27784724289175,0.776155341372354,0.69704497528854,0.0866844809955663,2.006245494813,3.87430347557549,5,5,0,2,1.23612298773505,2.27784724289175,10,10,0,2,0.984120331441982,1.5136400017985,20,20,0,2,"wide_500kb"
"NKCells","MonocytesCells","IL6","IL6R","Signaling by Interleukin",10,10,FALSE,0,0,0,0,0,0,3.447149600441,1.34609612252381,0.864538302260756,0.762315954572978,0.0851783365527784,3.72176689230604,2.3380219921345,5,5,0,0,3.447149600441,1.34609612252381,10,10,0,0,2.31210453839315,0.961314009115695,20,20,0,1,"wide_500kb"
"NKCells","MonocytesCells","IL6","IL6ST","Signaling by Interleukin",10,10,FALSE,0,0,1,2,0,0,3.447149600441,3.11035592459572,0.864538302260756,0.718689014827971,0.128377249668881,3.72176689230604,4.55792668697411,5,5,0,1,3.447149600441,3.11035592459572,10,10,0,3,2.31210453839315,2.25498413268989,20,20,0,3,"wide_500kb"
"NKCells","MonocytesCells","CLEC2B","KLRF1","Signaling by Leptin",10,10,TRUE,46,4,2,4,0,0,3.1824061897589,2.96311055343438,0.759224882771915,0.706046942773572,1,4.54601566997388,5.16682988503536,5,5,0,2,3.1824061897589,2.96311055343438,10,10,4,6,2.3991789225339,1.89483886214723,20,20,9,7,"wide_500kb"
"NKCells","MonocytesCells","AKR1C3","PTGDR","Signaling by Prostaglandin",10,10,FALSE,0,0,0,2,0,0,3.26636977168699,2.00795155124574,0.890284404567776,0.611076992481672,0.124916563535881,5.27750073755036,2.54457971488882,5,5,0,1,3.26636977168699,2.00795155124574,10,10,0,2,2.16650601592481,1.53180284803895,20,20,0,2,"wide_500kb"
"NKCells","MonocytesCells","PTGDS","PTGDR","Signaling by Prostaglandin",10,10,FALSE,0,0,1,0,0,0,1.71691795799396,2.00795155124574,0.493732265056484,0.611076992481672,0.11640004279116,2.85328112156424,2.54457971488882,5,5,0,1,1.71691795799396,2.00795155124574,10,10,0,1,0.932423871813263,1.53180284803895,20,20,0,1,"wide_500kb"
"NKCells","MonocytesCells","PTGES2","PTGER2","Signaling by Prostaglandin",9,10,FALSE,0,0,0,0,0,0,0.272039870782506,2.10928148924149,0.737721323297775,0.8625435350357,0.0797617696024129,0.424807078456201,2.52493086340277,5,5,0,0,0.272039870782506,2.10928148924149,9,10,0,0,0.272039870782506,1.47197629364919,9,20,0,1,"wide_500kb"
"NKCells","MonocytesCells","PTGES2","PTGER4","Signaling by Prostaglandin",9,9,FALSE,0,0,2,1,1,0,0.272039870782506,1.04681854570709,0.737721323297775,0.532904806848915,0.0932084922349295,0.424807078456201,1.33248120087782,5,5,0,1,0.272039870782506,1.04681854570709,9,9,0,3,0.272039870782506,1.04681854570709,9,9,0,3,"wide_500kb"
"NKCells","MonocytesCells","PTGES3","PTGER2","Signaling by Prostaglandin",10,10,FALSE,0,0,3,0,0,0,1.48347678085012,2.10928148924149,0.690640229200567,0.8625435350357,0.0970959871799916,2.2468898075757,2.52493086340277,5,5,0,3,1.48347678085012,2.10928148924149,10,10,0,3,1.21122832153571,1.47197629364919,14,20,0,4,"wide_500kb"
"NKCells","MonocytesCells","PTGES3","PTGER4","Signaling by Prostaglandin",10,9,FALSE,0,0,2,2,0,0,1.48347678085012,1.04681854570709,0.690640229200567,0.532904806848915,0.105796747303674,2.2468898075757,1.33248120087782,5,5,0,1,1.48347678085012,1.04681854570709,10,9,0,4,1.21122832153571,1.04681854570709,14,9,0,4,"wide_500kb"
"NKCells","MonocytesCells","SEMA4A","PLXND1","Signaling by Semaphorin",10,10,FALSE,0,0,1,1,0,0,1.55698393609615,2.20494751057659,0.618144894640877,0.785737148603256,0.10183495886134,2.39151748600053,3.6468904972064,5,5,0,0,1.55698393609615,2.20494751057659,10,10,0,2,1.06239769099738,1.39330938307653,20,20,0,2,"wide_500kb"
"NKCells","MonocytesCells","SEMA4C","PLXNB2","Signaling by Semaphorin",10,10,FALSE,0,0,2,3,0,0,0.848634853698244,1.99038024366702,0.884096061376814,0.573531460291962,0.097422573260015,1.37101397528322,3.63758791079616,5,5,0,3,0.848634853698244,1.99038024366702,10,10,0,5,0.890269502518184,1.17710253056236,17,20,0,7,"wide_500kb"
"NKCells","MonocytesCells","SEMA4D","CD72","Signaling by Semaphorin",10,10,FALSE,0,0,0,0,0,0,4.37168548810905,1.07092217961563,0.847819644605567,0.668849311167906,0.102718141955458,6.91710729833926,1.40331013560383,5,5,0,0,4.37168548810905,1.07092217961563,10,10,0,0,2.62766051124631,0.729098141455578,20,20,0,0,"wide_500kb"
"NKCells","MonocytesCells","SEMA4D","PLXNB2","Signaling by Semaphorin",10,10,FALSE,0,0,1,0,0,0,4.37168548810905,1.99038024366702,0.847819644605567,0.573531460291962,0.116123442665902,6.91710729833926,3.63758791079616,5,5,0,1,4.37168548810905,1.99038024366702,10,10,0,1,2.62766051124631,1.17710253056236,20,20,0,2,"wide_500kb"
"NKCells","MonocytesCells","SEMA4D","PTPRC","Signaling by Semaphorin",10,10,FALSE,0,0,1,1,0,0,4.37168548810905,2.98316292161585,0.847819644605567,0.682244614236225,0.0897522976131251,6.91710729833926,4.58997331258356,5,5,0,1,4.37168548810905,2.98316292161585,10,10,0,2,2.62766051124631,1.75107059426096,20,20,0,4,"wide_500kb"
"NKCells","MonocytesCells","TBXAS1","TBXA2R","Signaling by Thromboxane",10,10,FALSE,0,0,0,0,0,0,0.821568379431857,2.94683781411849,0.849574459025663,0.20507866048954,0.118883836411573,1.36177848625568,4.26630498814,5,5,0,0,0.821568379431857,2.94683781411849,10,10,0,0,0.593168298355162,2.11591207685684,14,20,0,1,"wide_500kb"
"NKCells","MonocytesCells","WNT7A","FZD3","Signaling by WNT",10,10,FALSE,0,0,2,0,0,0,2.05082987972551,3.31185720466855,0.893980296449126,0.378242092392825,0.106726758484396,2.67645245559833,4.15778488097149,5,5,0,1,2.05082987972551,3.31185720466855,10,10,0,2,1.53975472572536,2.02173501714585,20,20,0,5,"wide_500kb"
"NKCells","MonocytesCells","ITGAV","ADGRE2","Signaling by Integrin",10,10,FALSE,0,0,1,0,0,0,0.95425023744362,5.79864810619872,0.876285070447218,0.801014466009339,0.104327517275412,1.55713869694729,10.8525992348304,5,5,0,0,0.95425023744362,5.79864810619872,10,10,0,1,0.764272755561096,3.47635936906469,14,20,0,1,"wide_500kb"
"NKCells","MonocytesCells","ITGB1","ADGRE2","Signaling by Integrin",10,10,FALSE,0,0,0,0,0,0,2.32743244588334,5.79864810619872,0.885706139613203,0.801014466009339,0.0958362008340082,4.41305122554246,10.8525992348304,5,5,0,0,2.32743244588334,5.79864810619872,10,10,0,0,1.42955349609667,3.47635936906469,19,20,0,1,"wide_500kb"
"NKCells","MonocytesCells","ITGAV","ADGRE5","Signaling by Integrin",10,10,FALSE,0,0,0,0,0,0,0.95425023744362,2.1768592770245,0.876285070447218,0.886485986718614,0.104327517275412,1.55713869694729,2.25221083367189,5,5,0,0,0.95425023744362,2.1768592770245,10,10,0,0,0.764272755561096,1.38171571094366,14,20,0,0,"wide_500kb"
"NKCells","MonocytesCells","ITGB1","ADGRE5","Signaling by Integrin",10,10,FALSE,0,0,0,1,0,0,2.32743244588334,2.1768592770245,0.885706139613203,0.886485986718614,0.09781846461846,4.41305122554246,2.25221083367189,5,5,0,1,2.32743244588334,2.1768592770245,10,10,0,1,1.42955349609667,1.38171571094366,19,20,0,2,"wide_500kb"
