"ligand","receptor","pathway","Beta_X_old","Beta_XZ_old","PIP_old","n_iv_L_new","n_iv_R_new","n_dropped_L","n_dropped_R","F_L_new","F_R_new","Beta_X_new","Beta_XZ_new","PIP_new","n_chains","status","disc_old","disc_new","PIP_change","decision_changed"
"IL18","IL18R1","Signaling by Interleukin",0.321406659807613,2.04140346774122,0.904267857142766,9,10,1,0,4.04700077907634,2.59139653784549,0.111758389388652,0.590797451156311,0.401551020408212,4,"ok",TRUE,FALSE,-0.502716836734554,TRUE
"SLC6A6","GABBR1","Signaling by GABA",0.497120908498977,-2.6402751826934,0.84810459183674,8,9,2,1,1.67249653463173,1.14562034255057,0.513169060758779,-2.87311489425951,0.834938775510071,4,"ok",TRUE,TRUE,-0.0131658163266687,FALSE
"IL18","IL18RAP","Signaling by Interleukin",0.306383951444472,-1.94787403471301,0.832206632653026,10,9,0,1,4.1439635598313,0.864720826798849,0.274914192436209,-0.670947552915543,0.692515306122472,4,"ok",TRUE,TRUE,-0.139691326530554,FALSE
"PTGES3","PTGER4","Signaling by Prostaglandin",0.450371999524474,-0.380238988703808,0.465517857142814,1,7,2,2,0.225254252966111,0.902195271031265,0.0691439894416735,-0.287012919704984,0.218594387755109,4,"ok",FALSE,FALSE,-0.246923469387706,FALSE
"PTGES3","PTGER2","Signaling by Prostaglandin",0.384283433286778,-0.125812458934542,0.378969387755061,3,10,0,0,0.265649959550661,1.64623147012753,0.415979389985303,-0.132587671773402,0.391502551020376,4,"ok",FALSE,FALSE,0.0125331632653151,FALSE
"IL1B","IL1RAP","Signaling by Interleukin",0.171840123524813,-0.305714814761857,0.252372448979561,10,8,0,2,0.783886979769222,2.5439996070881,0.242708534347327,-0.586005701420879,0.349627551020303,4,"ok",FALSE,FALSE,0.0972551020407421,FALSE
"AKR1C3","PTGDR","Signaling by Prostaglandin",0.0144887529659136,0.413633741127784,0.208033163265314,10,10,0,0,2.46577129793782,1.46972960495799,0.0139917209685416,0.420228039095573,0.209191326530631,4,"ok",FALSE,FALSE,0.00115816326531709,FALSE
"CLEC2B","KLRF1","Signaling by Leptin",0.0829391997830905,0.0836030581955948,0.189892857142863,8,6,2,4,2.85442472841932,3.18878421387547,0.0959401405668275,-0.101727554031944,0.208747448979564,4,"ok",FALSE,FALSE,0.0188545918367004,FALSE
"IFNG","IFNGR2","Signaling by Interferon",0.125419150163901,-0.16125226000618,0.177176020408161,10,9,0,1,0.931068506597488,3.24160282014518,0.177401829174484,-0.376231312780838,0.246311224489799,4,"ok",FALSE,FALSE,0.0691352040816381,FALSE
"IFNG","IFNGR1","Signaling by Interferon",0.120484090998813,-0.117015632680387,0.166969387755152,10,10,0,0,0.931068506597488,1.56565375021438,0.12098526895549,-0.117417342621598,0.167505102040819,4,"ok",FALSE,FALSE,0.000535714285666816,FALSE
"IL6","IL6R","Signaling by Interleukin",0.000581848336683806,0.356743563807843,0.132265306122437,10,10,0,0,2.64273841712663,0.884519175537716,0.000585210287418873,0.365367868245908,0.13590561224491,4,"ok",FALSE,FALSE,0.00364030612247315,FALSE
"ICAM1","ITGB2","Adhesion by ICAM",0.00095294183718693,-0.207365880425815,0.108984693877535,2,9,0,1,1.53904162175233,2.44788674983322,0.00518363674742892,-0.248385275433294,0.118522959183683,4,"ok",FALSE,FALSE,0.00953826530614822,FALSE
"IL23A","IL12RB1","Signaling by Interleukin",0.00304909729242379,0.0264254929201974,0.0962678571428644,1,10,0,0,0.898930297873927,2.49149563695195,0.00764770662877996,0.0254771071248037,0.0964693877551052,4,"ok",FALSE,FALSE,0.000201530612240819,FALSE
"ICAM2","ITGB2","Adhesion by ICAM",-0.0142738293226777,-0.0541335736615359,0.088757653061233,10,10,0,0,2.49633999956493,2.28839183875656,-0.0141549231728432,-0.0528955362018728,0.087249999999993,4,"ok",FALSE,FALSE,-0.00150765306124005,FALSE
"LIPA","RORA","Signaling by Cholesterol",0.00385188087321868,0.00327558147294404,0.0801887755102004,3,9,0,1,1.25148393742573,1.33006045822242,0.0073568888102566,-0.0379122766645307,0.0790561224489956,4,"ok",FALSE,FALSE,-0.00113265306120473,FALSE
"ICAM1","ITGAX","Adhesion by ICAM",0.00224337778073686,0.158832943599379,0.0785739795918408,1,8,1,2,0.282746465273668,2.15493349747315,0.00862911739510416,0.225631362082734,0.12067602040817,4,"ok",FALSE,FALSE,0.0421020408163297,FALSE
"ICAM3","ITGB2","Adhesion by ICAM",0.036931052976246,-0.0169096128562105,0.0761326530612265,2,6,0,4,1.52233547066817,2.39468318916474,0.0433898110530601,-0.0591097450974878,0.0847908163265405,4,"ok",FALSE,FALSE,0.00865816326531398,FALSE
"ICAM1","ITGAM","Adhesion by ICAM",0.00202340683769239,0.116078091379254,0.0679234693877394,2,8,0,2,1.53904162175233,1.81664051671727,0.00632898290630286,0.161555690535434,0.0787551020408017,4,"ok",FALSE,FALSE,0.0108316326530622,FALSE
"SEMA4A","PLXND1","Signaling by Semaphorin",-0.0129056842829753,0.0424829432973789,0.0618954081632503,1,10,1,0,2.03208133677516,1.88943471031003,-0.00717720759656142,0.053046115517565,0.077538265306115,4,"ok",FALSE,FALSE,0.0156428571428646,FALSE
"ICAM2","ITGAL","Adhesion by ICAM",-0.0113900607683377,-0.152259724139223,0.058293367346943,10,1,0,0,2.49633999956493,0.0886155084915291,-0.0113012771821928,-0.153123559138677,0.057385204081636,4,"ok",FALSE,FALSE,-0.000908163265307044,FALSE
"ICAM4","ITGB2","Adhesion by ICAM",0.0123809065424786,0.11044774640143,0.0521479591836659,2,7,0,3,0.172239426174737,2.17041866976541,0.0184884424601877,0.131858349791877,0.060790816326542,4,"ok",FALSE,FALSE,0.00864285714287617,FALSE
"PTGES2","PTGER2","Signaling by Prostaglandin",-0.00829058451295092,-0.0836588863521346,0.050063775510205,8,10,0,0,0.179117647070796,1.64623147012753,-0.00836349989712265,-0.0812226694487471,0.0479897959183679,4,"ok",FALSE,FALSE,-0.0020739795918371,FALSE
"PTGES2","PTGER4","Signaling by Prostaglandin",-0.00551332477128728,0.0110227540880023,0.0447142857142818,6,8,2,1,0.194151907405505,1.16930500245049,-0.00396035627237456,0.0215102591575474,0.0537295918367409,4,"ok",FALSE,FALSE,0.00901530612245913,FALSE
"ICAM3","ITGAL","Adhesion by ICAM",0.0256352006452878,-0.00307346658195261,0.039767857142863,2,1,0,0,1.52233547066817,0.0886155084915291,0.0271020692675807,-0.00605331487100828,0.0412857142857145,4,"ok",FALSE,FALSE,0.00151785714285146,FALSE
"SEMA4D","PLXNB2","Signaling by Semaphorin",-0.00241790073948116,0.0226630942636978,0.0342270408163217,9,9,1,1,4.66559934340797,2.45908804849175,-0.00409177205160262,0.0256441908569554,0.035502551020406,4,"ok",FALSE,FALSE,0.00127551020408426,FALSE
"ICAM1","ITGAL","Adhesion by ICAM",-0.0011201100992557,0.103082991395893,0.0333290816326512,2,1,0,0,1.53904162175233,0.0886155084915291,-0.00112011009925574,0.103082991395893,0.0333290816326512,4,"ok",FALSE,FALSE,0,FALSE
"SEMA4D","PTPRC","Signaling by Semaphorin",-0.00216017554319741,0.0128745832003722,0.0330510204081706,9,9,1,1,4.18194725288048,2.6344019500081,-0.00388850847020525,0.00920477653920609,0.0339413265306072,4,"ok",FALSE,FALSE,0.000890306122436603,FALSE
"IL15","IL2RB","Signaling by Interleukin",0.0440035908809064,-0.0865807166795104,0.0324336734693882,3,9,0,1,0.246013161520918,1.95934798773347,0.0503356014043299,-0.100414023187396,0.0299821428571446,4,"ok",FALSE,FALSE,-0.00245153061224364,FALSE
"IL15","IL15RA","Signaling by Interleukin",0.00347284446945896,0.0645709593831917,0.0312397959183659,3,10,0,0,0.246013161520918,2.80735801108885,0.00681633944997982,0.0592749044442603,0.0311607142857183,4,"ok",FALSE,FALSE,-7.90816326476408e-05,FALSE
"ITGB1","ADGRE2","Signaling by Integrin",0.0134028152749705,-0.00847136203901268,0.026839285714284,10,10,0,0,2.32743244588334,4.92721058541427,0.0136151102241438,-0.00742320349311146,0.0286632653061174,4,"ok",FALSE,FALSE,0.00182397959183346,FALSE
"ITGB1","ADGRE5","Signaling by Integrin",0.0129697562772972,0.00102001767402066,0.0255637755102049,10,8,0,0,2.32743244588334,0.729751948729949,0.0135741527504101,0.000677564567204625,0.0267397959183662,4,"ok",FALSE,FALSE,0.00117602040816123,FALSE
"SEMA4D","CD72","Signaling by Semaphorin",-0.00174395162658042,0.0331786733519479,0.0235943877550977,10,2,0,1,4.37168548810905,0.303562164889153,-0.00189418549577498,0.0338944805145665,0.0250102040816274,4,"ok",FALSE,FALSE,0.00141581632652974,FALSE
"SEMA4C","PLXNB2","Signaling by Semaphorin",0.00527026121649196,-0.0278805844445352,0.0214158163265327,8,6,1,4,0.456837258116059,1.97975207022191,0.006785478705755,0.0177545009771166,0.0225637755102018,4,"ok",FALSE,FALSE,0.00114795918366915,FALSE
"ITGAV","ADGRE2","Signaling by Integrin",0.00291607676394762,-0.00150833395317325,0.0205025510204072,9,10,1,0,1.04467171738675,4.92721058541427,0.00482818736228976,-0.00463706383740244,0.0228163265306128,4,"ok",FALSE,FALSE,0.00231377551020564,FALSE
"ITGAV","ADGRE5","Signaling by Integrin",0.00321140520030386,0.053256075963875,0.0204234693877502,10,8,0,0,0.947632671952149,0.729751948729949,0.0014082123944788,0.0508224288676459,0.0187295918367297,4,"ok",FALSE,FALSE,-0.00169387755102046,FALSE
"IL6","IL6ST","Signaling by Interleukin",0.000684697073723952,-0.0143824752746588,0.0203290816326519,9,9,1,1,2.76703990433363,2.2017272585496,0.00195846754685266,-0.0142064416544012,0.0207882653061216,4,"ok",FALSE,FALSE,0.000459183673469754,FALSE
"ICAM4","ITGAL","Adhesion by ICAM",0.00157996096670305,0.284008759636512,0.0196811224489767,2,1,0,0,0.172239426174737,0.0886155084915291,0.000771070217804326,0.284375544045849,0.0195076530612236,4,"ok",FALSE,FALSE,-0.000173469387753148,FALSE
"WNT7A","FZD3","Signaling by WNT",-0.00331747695917995,-0.023340952309384,0.0181250000000022,6,10,4,0,2.24644419291548,2.29549391052743,-2.33320086017632e-05,-0.0428851383393873,0.0231709183673475,4,"ok",FALSE,FALSE,0.00504591836734528,FALSE
"CCL28","CCR10","Signaling by Chemokines",0.00222390902532867,0.044126378594848,0.0173979591836718,9,2,1,0,0.728046066309489,0.480863538071983,0.00217259917323723,0.0529551813986894,0.018313775510207,4,"ok",FALSE,FALSE,0.000915816326535198,FALSE
"PPBP","CXCR2","Signaling by Chemokines",0.000206880161348877,0.00570366491891541,0.0171734693877537,6,6,0,0,1.22978820027038,0.999530175628108,0.00102059976082877,0.00490023213037473,0.0165433673469379,4,"ok",FALSE,FALSE,-0.000630102040815723,FALSE
"CXCL8","CXCR2","Signaling by Chemokines",0.000296564911628151,0.00264344237161145,0.013877551020407,9,6,1,0,1.03057437021436,0.999530175628108,0.000628006442017163,0.00818230297495276,0.0163826530612295,4,"ok",FALSE,FALSE,0.00250510204082244,FALSE
