"scenario","n","method","Score","Rejection_rate","Rejection_MCSE","Bias_betaX","MAD_betaX","Bias_betaXZ","MAD_betaXZ"
"S3",500,"OLS","1.000 (0.000)","1.000 (0.000)","0.000","0.157 (0.034)","0.157 (0.034)","0.001 (0.017)","0.014 (0.010)"
"S3",500,"MVMR","0.999 (0.002)","1.000 (0.000)","0.000","0.009 (0.055)","0.044 (0.033)","---","---"
"S3",500,"MR-BMA","0.856 (0.209)","0.890 (0.314)","0.031","-0.050 (0.089)","0.075 (0.069)","---","---"
"S3",500,"MR-CCC","0.949 (0.164)","0.950 (0.219)","0.022","-0.002 (0.085)","0.060 (0.060)","0.000 (0.051)","0.038 (0.034)"
"S3",1000,"OLS","1.000 (0.000)","1.000 (0.000)","0.000","0.151 (0.020)","0.151 (0.020)","0.001 (0.012)","0.010 (0.008)"
"S3",1000,"MVMR","1.000 (0.000)","1.000 (0.000)","0.000","0.002 (0.034)","0.028 (0.020)","---","---"
"S3",1000,"MR-BMA","0.996 (0.014)","1.000 (0.000)","0.000","-0.022 (0.037)","0.033 (0.028)","---","---"
"S3",1000,"MR-CCC","0.999 (0.007)","1.000 (0.000)","0.000","0.001 (0.047)","0.037 (0.029)","0.001 (0.036)","0.029 (0.022)"
"S3",10000,"OLS","1.000 (0.000)","1.000 (0.000)","0.000","0.152 (0.008)","0.152 (0.008)","0.000 (0.003)","0.003 (0.002)"
"S3",10000,"MVMR","1.000 (0.000)","1.000 (0.000)","0.000","0.001 (0.009)","0.007 (0.006)","---","---"
"S3",10000,"MR-BMA","1.000 (0.000)","1.000 (0.000)","0.000","-0.025 (0.009)","0.025 (0.009)","---","---"
"S3",10000,"MR-CCC","1.000 (0.000)","1.000 (0.000)","0.000","0.002 (0.012)","0.009 (0.008)","0.000 (0.012)","0.009 (0.008)"
"S3",30000,"OLS","1.000 (0.000)","1.000 (0.000)","0.000","0.151 (0.004)","0.151 (0.004)","0.000 (0.002)","0.002 (0.001)"
"S3",30000,"MVMR","1.000 (0.000)","1.000 (0.000)","0.000","-0.001 (0.006)","0.005 (0.003)","---","---"
"S3",30000,"MR-BMA","1.000 (0.000)","1.000 (0.000)","0.000","-0.028 (0.006)","0.028 (0.006)","---","---"
"S3",30000,"MR-CCC","1.000 (0.000)","1.000 (0.000)","0.000","0.001 (0.007)","0.006 (0.004)","0.000 (0.006)","0.005 (0.003)"
