"scenario","arm","n","target_F","iv_corr","pleio_frac","pleio_delta","nl_form","nl_coef","method","F_obs_median","score_mean","reject_rate","reject_mcse","bias_beta_X","mad_beta_X","bias_beta_XZ","mad_beta_XZ"
"S4","main",500,1,0,0,0,"none",0,"MR-BMA",1.80390302558374,0.169935460726712,0.04,0.0196946385566932,-0.163165910889751,0.21942626467913,NA,NA
"S4","main",500,1,0,0,0,"none",0,"MR-CCC",1.80390302558374,0.352435,0.22,0.0416333199893227,-0.0866096656620476,0.208379120690387,-0.00918797767267216,0.069876585206695
"S4","main",500,1,0,0,0,"none",0,"MVMR",1.80390302558374,0.698856267546388,0.16,0.0368452949177471,0.168545258566891,0.263999416776659,NA,NA
"S4","main",500,1,0,0,0,"none",0,"OLS",1.80390302558374,1,1,0,0.248238356548781,0.248238356548781,-0.00143854998277206,0.0209506562714428
"S4","main",500,2,0,0,0,"none",0,"MR-BMA",3.15023140955897,0.180658226310545,0.07,0.0256432399976243,-0.177723193846131,0.213163966825371,NA,NA
"S4","main",500,2,0,0,0,"none",0,"MR-CCC",3.15023140955897,0.347651708542714,0.24,0.0429234695990928,-0.118139348888421,0.198117213479079,-0.00326141064208114,0.063854388522591
"S4","main",500,2,0,0,0,"none",0,"MVMR",3.15023140955897,0.753984338252994,0.24,0.0429234695990928,0.144848453124032,0.215042349158118,NA,NA
"S4","main",500,2,0,0,0,"none",0,"OLS",3.15023140955897,1,1,0,0.248658833680217,0.248658833680217,-0.00419664652493614,0.0229095612293788
"S4","main",500,5,0,0,0,"none",0,"MR-BMA",6.9671386277956,0.198919735994561,0.15,0.0358870281282637,-0.193359644556509,0.23141834397585,NA,NA
"S4","main",500,5,0,0,0,"none",0,"MR-CCC",6.9671386277956,0.400795502512563,0.34,0.0476095228569524,-0.105474138876745,0.216950198672469,0.0108670186162669,0.0727541352901733
"S4","main",500,5,0,0,0,"none",0,"MVMR",6.9671386277956,0.80988061083586,0.36,0.0482418151324422,0.0634408738452981,0.133923404107168,NA,NA
"S4","main",500,5,0,0,0,"none",0,"OLS",6.9671386277956,1,1,0,0.244134261702287,0.244134261702287,0.00322553407607702,0.019297461802234
"S4","main",500,10,0,0,0,"none",0,"MR-BMA",12.5535397506213,0.249903355826178,0.14,0.0348735088019777,-0.188137088200712,0.221769394101079,NA,NA
"S4","main",500,10,0,0,0,"none",0,"MR-CCC",12.5535397506213,0.480616708542714,0.46,0.0500908265962033,-0.0878459949132353,0.190467607935936,-0.000157390762986646,0.0741439462162169
"S4","main",500,10,0,0,0,"none",0,"MVMR",12.5535397506213,0.878595577488645,0.54,0.0500908265962033,0.0448264011639897,0.111618030669675,NA,NA
"S4","main",500,10,0,0,0,"none",0,"OLS",12.5535397506213,1,1,0,0.225162335698616,0.225162335698616,-0.00235330837427712,0.0178201524417078
"S4","main",500,25,0,0,0,"none",0,"MR-BMA",30.7569708513467,0.455508622577994,0.48,0.0502116731568678,-0.143028171101121,0.170224594013118,NA,NA
"S4","main",500,25,0,0,0,"none",0,"MR-CCC",30.7569708513467,0.685123718592965,0.68,0.046882617226215,-0.0445941990251457,0.147411202273297,-0.0211448989436394,0.0670648862222954
"S4","main",500,25,0,0,0,"none",0,"MVMR",30.7569708513467,0.963202986069941,0.85,0.0358870281282637,0.0146140925448767,0.0688120367080917,NA,NA
"S4","main",500,25,0,0,0,"none",0,"OLS",30.7569708513467,1,1,0,0.204184610886534,0.204184610886534,0.000163761070663335,0.017743449720148
"S4","main",500,70,0,0,0,"none",0,"MR-BMA",83.002348103992,0.847939468697221,0.94,0.0238683256575942,-0.0609024886602475,0.0770239007994587,NA,NA
"S4","main",500,70,0,0,0,"none",0,"MR-CCC",83.002348103992,0.953260628140704,1,0,-0.0106031035619134,0.0603642293977587,0.0120126970089617,0.0419598847990705
"S4","main",500,70,0,0,0,"none",0,"MVMR",83.002348103992,0.999682735661319,1,0,-0.000609331679145523,0.0387317990733443,NA,NA
"S4","main",500,70,0,0,0,"none",0,"OLS",83.002348103992,1,1,0,0.148437205925891,0.148437205925891,0.00065151528682297,0.0116971418715638
"S4","main",1000,1,0,0,0,"none",0,"MR-BMA",1.94487465096254,0.167948215547355,0.05,0.021904291355759,-0.160814333591349,0.22985098816591,NA,NA
"S4","main",1000,1,0,0,0,"none",0,"MR-CCC",1.94487465096254,0.4035441959799,0.27,0.0446196043338474,-0.0621191510350759,0.192124091066356,-0.00168967128743015,0.0546796773645565
"S4","main",1000,1,0,0,0,"none",0,"MVMR",1.94487465096254,0.723291936683715,0.17,0.0377525168068637,0.205431211854744,0.270339690073514,NA,NA
"S4","main",1000,1,0,0,0,"none",0,"OLS",1.94487465096254,1,1,0,0.248095864145913,0.248095864145913,-0.000676515165509047,0.0139936321054482
"S4","main",1000,2,0,0,0,"none",0,"MR-BMA",2.91968505149309,0.169130968407925,0.07,0.0256432399976243,-0.1831147742161,0.22681421497424,NA,NA
"S4","main",1000,2,0,0,0,"none",0,"MR-CCC",2.91968505149309,0.403245628140704,0.28,0.0451260859854213,-0.0802504080926013,0.198869686798308,-0.00162120946446904,0.0604950882559785
"S4","main",1000,2,0,0,0,"none",0,"MVMR",2.91968505149309,0.71642662248236,0.14,0.0348735088019777,0.110035169743882,0.218577580670963,NA,NA
"S4","main",1000,2,0,0,0,"none",0,"OLS",2.91968505149309,1,1,0,0.242771841049415,0.242771841049415,-0.00466319752320791,0.0136420605730517
"S4","main",1000,5,0,0,0,"none",0,"MR-BMA",6.46752378182074,0.228306833475205,0.15,0.0358870281282637,-0.168338017015029,0.224004536411613,NA,NA
"S4","main",1000,5,0,0,0,"none",0,"MR-CCC",6.46752378182074,0.460185979899497,0.4,0.0492365963917331,-0.0616967082061376,0.205802237182536,-0.00600803817205791,0.0469873814339124
"S4","main",1000,5,0,0,0,"none",0,"MVMR",6.46752378182074,0.789740815141313,0.37,0.048523658709391,0.0732974003737465,0.156912656660885,NA,NA
"S4","main",1000,5,0,0,0,"none",0,"OLS",6.46752378182074,1,1,0,0.240094146255207,0.240094146255207,0.00156078376805298,0.0148046966872262
"S4","main",1000,10,0,0,0,"none",0,"MR-BMA",12.5589142700498,0.259526508346689,0.19,0.0394277244403662,-0.181488175793082,0.228043707325271,NA,NA
"S4","main",1000,10,0,0,0,"none",0,"MR-CCC",12.5589142700498,0.515388291457286,0.47,0.0501613558046592,-0.0738307572579148,0.194269546867468,-0.00360682992373642,0.0623151797572133
"S4","main",1000,10,0,0,0,"none",0,"MVMR",12.5589142700498,0.868870587116529,0.54,0.0500908265962033,0.038423590865635,0.11483946956373,NA,NA
"S4","main",1000,10,0,0,0,"none",0,"OLS",12.5589142700498,1,1,0,0.237544950209769,0.237544950209769,0.000724034324700666,0.0155168857580284
"S4","main",1000,25,0,0,0,"none",0,"MR-BMA",30.4077189105523,0.435261774079897,0.39,0.0490207130000198,-0.145302248336546,0.187114789066337,NA,NA
"S4","main",1000,25,0,0,0,"none",0,"MR-CCC",30.4077189105523,0.691631809045226,0.67,0.047258156262526,-0.0456983727217726,0.150314274501397,0.00790596961792377,0.0616512952250677
"S4","main",1000,25,0,0,0,"none",0,"MVMR",30.4077189105523,0.963152189127892,0.83,0.0377525168068637,0.0170321130025376,0.0788828676084835,NA,NA
"S4","main",1000,25,0,0,0,"none",0,"OLS",30.4077189105523,1,1,0,0.225243008409239,0.225243008409239,0.00216068352931253,0.0140402056418422
"S4","main",1000,70,0,0,0,"none",0,"MR-BMA",83.7535097210122,0.866686797705571,0.92,0.0272659924344291,-0.0528178602655509,0.0716771735307734,NA,NA
"S4","main",1000,70,0,0,0,"none",0,"MR-CCC",83.7535097210122,0.966132311557789,0.98,0.014070529413629,-0.00345565377856397,0.0531648612527446,0.00116986163977251,0.0485668007938491
"S4","main",1000,70,0,0,0,"none",0,"MVMR",83.7535097210122,0.999499698513331,1,0,0.00371987142992141,0.0389877038892919,NA,NA
"S4","main",1000,70,0,0,0,"none",0,"OLS",83.7535097210122,1,1,0,0.188647649075104,0.188647649075104,-0.000220926609938455,0.0109092747834017
"S4","null",500,1,0,0,0,"none",0,"MR-BMA",1.91593906453049,0.0894584493874259,0.02,0.014070529413629,0.044187595296315,0.046889096809657,NA,NA
"S4","null",500,1,0,0,0,"none",0,"MR-CCC",1.91593906453049,0.291915025125628,0.17,0.0377525168068637,0.120783824021746,0.137318684148709,0.0137166014018809,0.0605061915632928
"S4","null",500,1,0,0,0,"none",0,"MVMR",1.91593906453049,0.492826942510286,0.01,0.01,0.178123030398249,0.272795666632109,NA,NA
"S4","null",500,1,0,0,0,"none",0,"OLS",1.91593906453049,0.999641398789557,1,0,0.236415458817245,0.236415458817245,0.000565784099747094,0.0219166174600675
"S4","null",500,2,0,0,0,"none",0,"MR-BMA",3.05816075356718,0.094346068903544,0.02,0.014070529413629,0.0344609202637034,0.0402999834714242,NA,NA
"S4","null",500,2,0,0,0,"none",0,"MR-CCC",3.05816075356718,0.248001532663317,0.13,0.0337997668989631,0.0594797279352678,0.0927390824943466,0.00216538873025795,0.0491154519218643
"S4","null",500,2,0,0,0,"none",0,"MVMR",3.05816075356718,0.439320725345024,0.04,0.0196946385566932,0.102071106681124,0.185473297249834,NA,NA
"S4","null",500,2,0,0,0,"none",0,"OLS",3.05816075356718,0.998590130345009,0.99,0.00999999999999999,0.243835537523471,0.243835537523471,-0.00142556617509943,0.0213709103948327
"S4","null",500,5,0,0,0,"none",0,"MR-BMA",6.38084145798089,0.0602366211228132,0,0,0.0124144298330585,0.0148025986419847,NA,NA
"S4","null",500,5,0,0,0,"none",0,"MR-CCC",6.38084145798089,0.204818417085427,0.1,0.0301511344577763,0.0358881178136508,0.0584022840140737,0.0175220009304977,0.0359494683965241
"S4","null",500,5,0,0,0,"none",0,"MVMR",6.38084145798089,0.443475807389025,0.04,0.0196946385566932,0.0729318141151653,0.14596344632324,NA,NA
"S4","null",500,5,0,0,0,"none",0,"OLS",6.38084145798089,0.999628315027872,1,0,0.228634362314204,0.228634362314204,-0.00351020913932404,0.0226477339035877
"S4","null",500,10,0,0,0,"none",0,"MR-BMA",11.9024476857196,0.0579244167442807,0,0,0.00627264115472161,0.0103267728121237,NA,NA
"S4","null",500,10,0,0,0,"none",0,"MR-CCC",11.9024476857196,0.186378316582915,0.07,0.0256432399976243,0.0119932396775809,0.0387063966027409,-0.00342395348256684,0.0269275787030901
"S4","null",500,10,0,0,0,"none",0,"MVMR",11.9024476857196,0.475239114921755,0.03,0.0171446607997765,0.041902969062476,0.115272532151933,NA,NA
"S4","null",500,10,0,0,0,"none",0,"OLS",11.9024476857196,0.999870296585375,1,0,0.22915613778123,0.22915613778123,0.00141164698459073,0.018236803980498
"S4","null",500,25,0,0,0,"none",0,"MR-BMA",30.7429513419999,0.0452319872574348,0,0,0.00157531573884448,0.00375255097133993,NA,NA
"S4","null",500,25,0,0,0,"none",0,"MR-CCC",30.7429513419999,0.118675929648241,0.01,0.01,0.00269984951224947,0.0131620381001198,-0.00666315489973764,0.0143562385104979
"S4","null",500,25,0,0,0,"none",0,"MVMR",30.7429513419999,0.417712808851449,0,0,0.0107064045921231,0.0607510686424706,NA,NA
"S4","null",500,25,0,0,0,"none",0,"OLS",30.7429513419999,0.999875966454615,1,0,0.204224223248049,0.204224223248049,0.0016044018397516,0.0172420897655388
"S4","null",500,70,0,0,0,"none",0,"MR-BMA",84.0074621678706,0.0432065538403015,0,0,0.000743344147521812,0.00207498069737255,NA,NA
"S4","null",500,70,0,0,0,"none",0,"MR-CCC",84.0074621678706,0.116693291457286,0.05,0.0219042913557591,0.00221225526908269,0.0095775928516762,0.00175288797530154,0.00646697127088256
"S4","null",500,70,0,0,0,"none",0,"MVMR",84.0074621678706,0.395289791614281,0.01,0.01,0.00627544828817862,0.0365925779594735,NA,NA
"S4","null",500,70,0,0,0,"none",0,"OLS",84.0074621678706,0.999156311131649,1,0,0.151626630608781,0.151626630608781,0.00236867026523036,0.0155608703742659
"S4","null",1000,1,0,0,0,"none",0,"MR-BMA",2.13361032949795,0.0811706257239199,0.02,0.014070529413629,0.0402269649945636,0.0417476426933595,NA,NA
"S4","null",1000,1,0,0,0,"none",0,"MR-CCC",2.13361032949795,0.31462648241206,0.16,0.0368452949177471,0.102045082934752,0.10905657300464,0.0142037602503773,0.0470375287902606
"S4","null",1000,1,0,0,0,"none",0,"MVMR",2.13361032949795,0.443666964977622,0.01,0.01,0.146682173748097,0.222070451503197,NA,NA
"S4","null",1000,1,0,0,0,"none",0,"OLS",2.13361032949795,0.999999998893489,1,0,0.249519002824111,0.249519002824111,0.00292433203585434,0.0139159324990184
"S4","null",1000,2,0,0,0,"none",0,"MR-BMA",2.69606315532657,0.0818191456342587,0.03,0.0171446607997765,0.0324514076965359,0.0357542665145716,NA,NA
"S4","null",1000,2,0,0,0,"none",0,"MR-CCC",2.69606315532657,0.280607889447236,0.12,0.0326598632371091,0.0718329089800159,0.0957912634784803,-0.00731739202401617,0.0315620573144812
"S4","null",1000,2,0,0,0,"none",0,"MVMR",2.69606315532657,0.460896654780824,0.03,0.0171446607997765,0.103979661575336,0.209322801504406,NA,NA
"S4","null",1000,2,0,0,0,"none",0,"OLS",2.69606315532657,0.999999999304122,1,0,0.245968144941596,0.245968144941596,-0.000879035844443307,0.0155794058561306
"S4","null",1000,5,0,0,0,"none",0,"MR-BMA",7.0037219103329,0.0626741944203351,0.01,0.01,0.012239609718786,0.0154893599917033,NA,NA
"S4","null",1000,5,0,0,0,"none",0,"MR-CCC",7.0037219103329,0.262572613065327,0.14,0.0348735088019777,0.032777930970408,0.0625071252056963,0.0038176227946068,0.0387742491404911
"S4","null",1000,5,0,0,0,"none",0,"MVMR",7.0037219103329,0.453222301299106,0.02,0.014070529413629,0.0563912085631766,0.137218598374636,NA,NA
"S4","null",1000,5,0,0,0,"none",0,"OLS",7.0037219103329,0.999999887185438,1,0,0.241127472917489,0.241127472917489,-0.00381907116127515,0.0146249822910885
"S4","null",1000,10,0,0,0,"none",0,"MR-BMA",12.7863850988932,0.0548277004040648,0,0,0.00495269219099605,0.00932112741294477,NA,NA
"S4","null",1000,10,0,0,0,"none",0,"MR-CCC",12.7863850988932,0.204232814070352,0.07,0.0256432399976243,0.0211708391555792,0.0359764081184558,-0.000987353266723382,0.0258497408148256
"S4","null",1000,10,0,0,0,"none",0,"MVMR",12.7863850988932,0.441310890130826,0.02,0.014070529413629,0.0455838393749557,0.101409853387833,NA,NA
"S4","null",1000,10,0,0,0,"none",0,"OLS",12.7863850988932,0.999999998691855,1,0,0.241021785880021,0.241021785880021,0.00033347093883405,0.0143117318497825
"S4","null",1000,25,0,0,0,"none",0,"MR-BMA",31.1167278697877,0.044650232258379,0,0,0.00136634893033315,0.003530929901117,NA,NA
"S4","null",1000,25,0,0,0,"none",0,"MR-CCC",31.1167278697877,0.161156557788945,0.06,0.0238683256575942,0.00700699715117748,0.0196910610952448,0.000141772190374235,0.0184807869528202
"S4","null",1000,25,0,0,0,"none",0,"MVMR",31.1167278697877,0.456562006053828,0.02,0.014070529413629,0.00996542263055048,0.066781681645636,NA,NA
"S4","null",1000,25,0,0,0,"none",0,"OLS",31.1167278697877,0.999999988309986,1,0,0.224531691032554,0.224531691032554,0.00120755305693745,0.0137959326765875
"S4","null",1000,70,0,0,0,"none",0,"MR-BMA",81.8833378093307,0.0464659792070575,0,0,0.00014475267353685,0.00266308631037851,NA,NA
"S4","null",1000,70,0,0,0,"none",0,"MR-CCC",81.8833378093307,0.118513492462312,0.02,0.014070529413629,-0.00101249840928269,0.00917657488433513,-0.000886692969533787,0.00708869018455766
"S4","null",1000,70,0,0,0,"none",0,"MVMR",81.8833378093307,0.417011291175222,0.04,0.0196946385566932,0.000681998302705922,0.0391991393156877,NA,NA
"S4","null",1000,70,0,0,0,"none",0,"OLS",81.8833378093307,0.99999992254665,1,0,0.187065386952087,0.187065386952087,0.00135606391051392,0.0116871638768473
"S4","signal",500,1,0,0,0,"none",0,"MR-BMA",2.23882329886261,0.178878630628443,0.08,0.0272659924344291,-0.15609987668334,0.221453462071369,NA,NA
"S4","signal",500,1,0,0,0,"none",0,"MR-CCC",2.23882329886261,0.551715201005025,0.54,0.0500908265962033,0.0269988842633662,0.228955156422121,-0.074512801450731,0.213280154794239
"S4","signal",500,1,0,0,0,"none",0,"MVMR",2.23882329886261,0.675874787878812,0.15,0.0358870281282637,0.144726593260711,0.257084667491628,NA,NA
"S4","signal",500,1,0,0,0,"none",0,"OLS",2.23882329886261,1,1,0,0.248781043385268,0.248781043385268,-0.0056332020170898,0.0220792246380054
"S4","signal",500,2,0,0,0,"none",0,"MR-BMA",3.14791077900227,0.179327148253328,0.11,0.031446603773522,-0.170918665848311,0.238646504388772,NA,NA
"S4","signal",500,2,0,0,0,"none",0,"MR-CCC",3.14791077900227,0.590006859296482,0.61,0.0490207130000197,0.019303161887426,0.223382870468705,-0.0628735947685187,0.184788436597382
"S4","signal",500,2,0,0,0,"none",0,"MVMR",3.14791077900227,0.719682413539742,0.21,0.0409360180740333,0.137493912053314,0.242384803898307,NA,NA
"S4","signal",500,2,0,0,0,"none",0,"OLS",3.14791077900227,1,1,0,0.249127304417826,0.249127304417826,0.00310583209054956,0.0194511257693027
"S4","signal",500,5,0,0,0,"none",0,"MR-BMA",6.56944599218622,0.223113653678439,0.14,0.0348735088019777,-0.162798345923286,0.245145998561718,NA,NA
"S4","signal",500,5,0,0,0,"none",0,"MR-CCC",6.56944599218622,0.595606859296482,0.57,0.0497569851956243,-0.017783947713549,0.188167972367793,-0.0730245005031299,0.196291776214578
"S4","signal",500,5,0,0,0,"none",0,"MVMR",6.56944599218622,0.807729248024602,0.27,0.0446196043338474,0.103028610261582,0.170438851595758,NA,NA
"S4","signal",500,5,0,0,0,"none",0,"OLS",6.56944599218622,1,1,0,0.243240985403067,0.243240985403067,0.00489035046283359,0.021769156263545
"S4","signal",500,10,0,0,0,"none",0,"MR-BMA",11.7356635438883,0.256090036075685,0.18,0.038612291966537,-0.173623691234075,0.231620607752289,NA,NA
"S4","signal",500,10,0,0,0,"none",0,"MR-CCC",11.7356635438883,0.638941407035176,0.67,0.047258156262526,-0.0376206709554419,0.162550990463534,-0.0718577403027932,0.195001826310568
"S4","signal",500,10,0,0,0,"none",0,"MVMR",11.7356635438883,0.845538244980673,0.49,0.0502418393795691,0.0537668440384593,0.131796113389039,NA,NA
"S4","signal",500,10,0,0,0,"none",0,"OLS",11.7356635438883,1,1,0,0.222099821241339,0.222099821241339,-4.90842566805839e-05,0.0187276295039413
"S4","signal",500,25,0,0,0,"none",0,"MR-BMA",29.9461751011786,0.433501866859025,0.38,0.0487831731214563,-0.142964146320353,0.172571444197771,NA,NA
"S4","signal",500,25,0,0,0,"none",0,"MR-CCC",29.9461751011786,0.911294773869347,0.92,0.0272659924344291,0.00964636904601734,0.108314620161796,-0.0259421109712794,0.0894200640645303
"S4","signal",500,25,0,0,0,"none",0,"MVMR",29.9461751011786,0.967917929339417,0.86,0.0348735088019777,0.0302156373420176,0.0727896415191552,NA,NA
"S4","signal",500,25,0,0,0,"none",0,"OLS",29.9461751011786,1,1,0,0.201337312182643,0.201337312182643,-0.00323516062181624,0.0188246369351407
"S4","signal",500,70,0,0,0,"none",0,"MR-BMA",83.8471018670167,0.779288861019653,0.81,0.0394277244403662,-0.0567737384743326,0.0995892946613828,NA,NA
"S4","signal",500,70,0,0,0,"none",0,"MR-CCC",83.8471018670167,0.999294522613065,1,0,0.0174684959353533,0.0647867827023011,0.0102169860505078,0.0512221134101806
"S4","signal",500,70,0,0,0,"none",0,"MVMR",83.8471018670167,0.996473438369401,0.99,0.01,0.020523875489203,0.0603647713214189,NA,NA
"S4","signal",500,70,0,0,0,"none",0,"OLS",83.8471018670167,1,1,0,0.161800864871781,0.161800864871781,-0.00169526502470744,0.0143432320141657
"S4","signal",1000,1,0,0,0,"none",0,"MR-BMA",2.00013622335882,0.200341186176772,0.1,0.0301511344577763,-0.116992799333658,0.238233751041634,NA,NA
"S4","signal",1000,1,0,0,0,"none",0,"MR-CCC",2.00013622335882,0.697963316582915,0.78,0.0416333199893226,0.106512824938226,0.227184090439235,-0.0662859115267113,0.14346584988997
"S4","signal",1000,1,0,0,0,"none",0,"MVMR",2.00013622335882,0.702690059690277,0.19,0.0394277244403662,0.206733410968453,0.3144889742595,NA,NA
"S4","signal",1000,1,0,0,0,"none",0,"OLS",2.00013622335882,1,1,0,0.239788595010209,0.239788595010209,-0.00292561813364384,0.0129727902662949
"S4","signal",1000,2,0,0,0,"none",0,"MR-BMA",3.20857586397851,0.164261502183687,0.09,0.0287623491264662,-0.186685233352521,0.24669652769458,NA,NA
"S4","signal",1000,2,0,0,0,"none",0,"MR-CCC",3.20857586397851,0.743466180904523,0.81,0.0394277244403662,0.104235767077326,0.236346402400243,-0.0366993856457498,0.145911106919794
"S4","signal",1000,2,0,0,0,"none",0,"MVMR",3.20857586397851,0.659859123028293,0.18,0.038612291966537,0.0891509225725516,0.206129014731511,NA,NA
"S4","signal",1000,2,0,0,0,"none",0,"OLS",3.20857586397851,1,1,0,0.243539911369597,0.243539911369597,-0.00180022739642615,0.0131762767156859
"S4","signal",1000,5,0,0,0,"none",0,"MR-BMA",6.38606221258647,0.209598431271719,0.12,0.0326598632371091,-0.177265715752215,0.235980809783493,NA,NA
"S4","signal",1000,5,0,0,0,"none",0,"MR-CCC",6.38606221258647,0.804427814070352,0.87,0.0337997668989631,0.0656770929308355,0.175467420619223,-0.00884588612480591,0.13410964873046
"S4","signal",1000,5,0,0,0,"none",0,"MVMR",6.38606221258647,0.820532418860677,0.32,0.046882617226215,0.0812773650644615,0.151755778467532,NA,NA
"S4","signal",1000,5,0,0,0,"none",0,"OLS",6.38606221258647,1,1,0,0.235676228025665,0.235676228025665,-0.000840531352773741,0.0154456636592595
"S4","signal",1000,10,0,0,0,"none",0,"MR-BMA",12.1482996282764,0.226305701943934,0.18,0.038612291966537,-0.193957650436835,0.231035132632083,NA,NA
"S4","signal",1000,10,0,0,0,"none",0,"MR-CCC",12.1482996282764,0.790083819095477,0.84,0.0368452949177471,-0.00362091942126752,0.163779768105415,-0.0333247455529334,0.124497361936537
"S4","signal",1000,10,0,0,0,"none",0,"MVMR",12.1482996282764,0.851070119802258,0.4,0.0492365963917331,0.036597292437608,0.114665516071466,NA,NA
"S4","signal",1000,10,0,0,0,"none",0,"OLS",12.1482996282764,1,1,0,0.23840436693145,0.23840436693145,-0.00332249291293293,0.0172704969608958
"S4","signal",1000,25,0,0,0,"none",0,"MR-BMA",30.7084270019511,0.413079917422677,0.38,0.0487831731214563,-0.15395855133889,0.174024379567139,NA,NA
"S4","signal",1000,25,0,0,0,"none",0,"MR-CCC",30.7084270019511,0.909710301507538,0.89,0.031446603773522,0.0141595924731423,0.106729133230107,0.00295577891888525,0.0968556293635418
"S4","signal",1000,25,0,0,0,"none",0,"MVMR",30.7084270019511,0.96055354764748,0.75,0.0435194139889245,0.0188661552307144,0.0795973991087047,NA,NA
"S4","signal",1000,25,0,0,0,"none",0,"OLS",30.7084270019511,1,1,0,0.226424937319526,0.226424937319526,0.000376811400435613,0.0133135981452914
"S4","signal",1000,70,0,0,0,"none",0,"MR-BMA",85.435350862019,0.827433168601526,0.88,0.0326598632371091,-0.0558691887983898,0.0862221868276283,NA,NA
"S4","signal",1000,70,0,0,0,"none",0,"MR-CCC",85.435350862019,0.999787738693467,1,0,0.0148988407111018,0.0586034602990693,0.00472012517785395,0.057092985633793
"S4","signal",1000,70,0,0,0,"none",0,"MVMR",85.435350862019,0.998872941156352,1,0,0.00798822420474587,0.0514617697467863,NA,NA
"S4","signal",1000,70,0,0,0,"none",0,"OLS",85.435350862019,1,1,0,0.190265999275322,0.190265999275322,-0.000123440401498486,0.0135016219466588
"S5","main",500,70,0,0,0,"none",0,"MR-BMA",84.9345980126844,0.872856496744292,0.91,0.0287623491264661,-0.0497111805538665,0.0652651943731382,NA,NA
"S5","main",500,70,0,0,0,"none",0,"MR-CCC",84.9345980126844,0.955589447236181,0.96,0.0196946385566932,-0.0031553556138179,0.0540112667427231,-0.00502448560949356,0.0383671014831447
"S5","main",500,70,0,0,0,"none",0,"MVMR",84.9345980126844,0.999585559307827,1,0,0.00319833294967743,0.0369219189794672,NA,NA
"S5","main",500,70,0,0,0,"none",0,"OLS",84.9345980126844,1,1,0,0.148514013604179,0.148514013604179,0.0016745639021338,0.0129709094291656
"S5","main",500,70,0.3,0,0,"none",0,"MR-BMA",136.397514097682,0.999794524475855,1,0,-0.0198052296548461,0.0313702093333463,NA,NA
"S5","main",500,70,0.3,0,0,"none",0,"MR-CCC",136.397514097682,0.999643015075377,1,0,0.0111837618089047,0.0367033878772572,0.00453374640720292,0.0258579184163977
"S5","main",500,70,0.3,0,0,"none",0,"MVMR",136.397514097682,0.999999305708832,1,0,0.00784058111059814,0.0269876279081697,NA,NA
"S5","main",500,70,0.3,0,0,"none",0,"OLS",136.397514097682,1,1,0,0.124502633473275,0.124502633473275,0.00134018152538566,0.0120465735364788
"S5","main",500,70,0.6,0,0,"none",0,"MR-BMA",221.297027882219,0.999999753709061,1,0,-0.0267014278909909,0.0316200273714089,NA,NA
"S5","main",500,70,0.6,0,0,"none",0,"MR-CCC",221.297027882219,1,1,0,0.00415962586635472,0.0294840685437344,-0.00011877996412518,0.0178695420927578
"S5","main",500,70,0.6,0,0,"none",0,"MVMR",221.297027882219,0.999999980274325,1,0,0.0026712047321784,0.0245525184246925,NA,NA
"S5","main",500,70,0.6,0,0,"none",0,"OLS",221.297027882219,1,1,0,0.092546173863903,0.092546173863903,-0.00022104527338095,0.00854994268015629
"S5","main",500,70,0.9,0,0,"none",0,"MR-BMA",350.234698753262,1,1,0,-0.0316219147666505,0.0332921175775363,NA,NA
"S5","main",500,70,0.9,0,0,"none",0,"MR-CCC",350.234698753262,1,1,0,-0.00372811096712466,0.0267972954280714,0.00173359604407922,0.0124374338194607
"S5","main",500,70,0.9,0,0,"none",0,"MVMR",350.234698753262,0.999999999999612,1,0,-0.00344244855172182,0.0201191439454633,NA,NA
"S5","main",500,70,0.9,0,0,"none",0,"OLS",350.234698753262,1,1,0,0.0639206986877204,0.0639206986877204,0.000527512847137313,0.00708203767994578
"S5","main",1000,70,0,0,0,"none",0,"MR-BMA",83.8230410106152,0.878742750244537,0.96,0.0196946385566932,-0.0444564033569741,0.0666717023425663,NA,NA
"S5","main",1000,70,0,0,0,"none",0,"MR-CCC",83.8230410106152,0.975289673366834,0.98,0.014070529413629,0.0090592109401898,0.0479691136168167,-0.00311744243492865,0.0437884324220722
"S5","main",1000,70,0,0,0,"none",0,"MVMR",83.8230410106152,0.99821595145795,0.99,0.01,0.00854227203576931,0.0385272789893436,NA,NA
"S5","main",1000,70,0,0,0,"none",0,"OLS",83.8230410106152,1,1,0,0.189676400070217,0.189676400070217,0.000815183720792887,0.0121198616310848
"S5","main",1000,70,0.3,0,0,"none",0,"MR-BMA",137.934621170549,0.999757635923367,1,0,-0.0228211005119554,0.0344736890062002,NA,NA
"S5","main",1000,70,0.3,0,0,"none",0,"MR-CCC",137.934621170549,0.999713065326633,1,0,0.010235292463252,0.0358481790233129,0.00697472729995796,0.0368011381327817
"S5","main",1000,70,0.3,0,0,"none",0,"MVMR",137.934621170549,0.999998004357624,1,0,0.005945663324306,0.0282357790799375,NA,NA
"S5","main",1000,70,0.3,0,0,"none",0,"OLS",137.934621170549,1,1,0,0.164107764705664,0.164107764705664,0.000309082537628108,0.0104888085993619
"S5","main",1000,70,0.6,0,0,"none",0,"MR-BMA",219.211577050392,0.999999997738239,1,0,-0.0264241760529612,0.0295361030183689,NA,NA
"S5","main",1000,70,0.6,0,0,"none",0,"MR-CCC",219.211577050392,0.999991281407035,1,0,0.00502596023639112,0.0277276390900133,0.006203502754638,0.0227827276682005
"S5","main",1000,70,0.6,0,0,"none",0,"MVMR",219.211577050392,0.999999998009635,1,0,0.00272310851250984,0.0224740363526165,NA,NA
"S5","main",1000,70,0.6,0,0,"none",0,"OLS",219.211577050392,1,1,0,0.135707457735121,0.135707457735121,0.00171195495066703,0.00913230861853573
"S5","main",1000,70,0.9,0,0,"none",0,"MR-BMA",357.301682681618,1,1,0,-0.0282821234447119,0.0305658828747023,NA,NA
"S5","main",1000,70,0.9,0,0,"none",0,"MR-CCC",357.301682681618,1,1,0,0.000750375387419338,0.0234992720514984,0.000619243646191655,0.013919160094445
"S5","main",1000,70,0.9,0,0,"none",0,"MVMR",357.301682681618,0.999999999998966,1,0,0.00033568337640562,0.0176249647132392,NA,NA
"S5","main",1000,70,0.9,0,0,"none",0,"OLS",357.301682681618,1,1,0,0.104872527507588,0.104872527507588,-6.81578214443904e-05,0.00534706871743233
"S5","null",500,70,0,0,0,"none",0,"MR-BMA",86.4067285602937,0.0433033606912639,0,0,0.000550045268577208,0.00205235979408024,NA,NA
"S5","null",500,70,0,0,0,"none",0,"MR-CCC",86.4067285602937,0.108218969849246,0.02,0.014070529413629,0.00194991313512672,0.00743823973080113,-0.000582842697150144,0.00581723100453041
"S5","null",500,70,0,0,0,"none",0,"MVMR",86.4067285602937,0.433103055760658,0.01,0.01,0.0098400070840862,0.0380897932687289,NA,NA
"S5","null",500,70,0,0,0,"none",0,"OLS",86.4067285602937,0.999090499931769,1,0,0.155338165702376,0.155338165702376,-0.000452332648330268,0.0130490554120211
"S5","null",500,70,0.3,0,0,"none",0,"MR-BMA",135.547361649755,0.0657242405117693,0.01,0.01,0.000891669350894584,0.00409514855102339,NA,NA
"S5","null",500,70,0.3,0,0,"none",0,"MR-CCC",135.547361649755,0.132345150753769,0.04,0.0196946385566932,0.00231714007135202,0.0091611433751025,0.00171386938933978,0.00524126853543393
"S5","null",500,70,0.3,0,0,"none",0,"MVMR",135.547361649755,0.462901313366898,0.01,0.01,0.00885515592231964,0.0338955374226859,NA,NA
"S5","null",500,70,0.3,0,0,"none",0,"OLS",135.547361649755,0.998361378426351,1,0,0.1285269670121,0.1285269670121,-0.000552741383275907,0.0106606369382841
"S5","null",500,70,0.6,0,0,"none",0,"MR-BMA",220.903824697168,0.0782182932032309,0.02,0.014070529413629,-0.00126511863252129,0.00357090896535215,NA,NA
"S5","null",500,70,0.6,0,0,"none",0,"MR-CCC",220.903824697168,0.108974798994975,0.02,0.014070529413629,-0.000819570846568197,0.00501607596145344,0.000788337865073583,0.00253169113335977
"S5","null",500,70,0.6,0,0,"none",0,"MVMR",220.903824697168,0.422277906409141,0,0,0.00160341909034917,0.0236052275424948,NA,NA
"S5","null",500,70,0.6,0,0,"none",0,"OLS",220.903824697168,0.980966933945401,0.94,0.0238683256575942,0.0911544587613674,0.0911544587613674,0.00146597744999917,0.00826356603427499
"S5","null",500,70,0.9,0,0,"none",0,"MR-BMA",354.443610291674,0.106986696350671,0.03,0.0171446607997765,0.000689428672025604,0.00401374014375538,NA,NA
"S5","null",500,70,0.9,0,0,"none",0,"MR-CCC",354.443610291674,0.120701783919598,0.05,0.021904291355759,0.00226063501185401,0.00543831474856424,-0.00028715231100954,0.00175434977386018
"S5","null",500,70,0.9,0,0,"none",0,"MVMR",354.443610291674,0.448787400297681,0.01,0.01,0.00127283223999733,0.0203332387870738,NA,NA
"S5","null",500,70,0.9,0,0,"none",0,"OLS",354.443610291674,0.982780755826354,0.92,0.0272659924344291,0.0698932152709762,0.0698932152709762,0.00132049210077263,0.00623427067042553
"S5","null",1000,70,0,0,0,"none",0,"MR-BMA",82.6584636672725,0.0411911518336677,0,0,0.000342293797550758,0.00175831558300125,NA,NA
"S5","null",1000,70,0,0,0,"none",0,"MR-CCC",82.6584636672725,0.105138442211055,0.01,0.01,0.00275296011061374,0.00728250554175051,0.00049903164793137,0.006639139171313
"S5","null",1000,70,0,0,0,"none",0,"MVMR",82.6584636672725,0.431656485464521,0.01,0.01,0.00420848055875629,0.0386904468684272,NA,NA
"S5","null",1000,70,0,0,0,"none",0,"OLS",82.6584636672725,0.999999988711475,1,0,0.189327099595003,0.189327099595003,0.00105336364709577,0.0123989710283253
"S5","null",1000,70,0.3,0,0,"none",0,"MR-BMA",133.599482794155,0.0537799305277561,0,0,8.31421563971285e-05,0.00233243311609583,NA,NA
"S5","null",1000,70,0.3,0,0,"none",0,"MR-CCC",133.599482794155,0.13366135678392,0.06,0.0238683256575942,0.00119332674491144,0.00821146344235801,-0.00202538348398795,0.00705884742866681
"S5","null",1000,70,0.3,0,0,"none",0,"MVMR",133.599482794155,0.436718994710961,0,0,0.000768073727205513,0.0310500298668449,NA,NA
"S5","null",1000,70,0.3,0,0,"none",0,"OLS",133.599482794155,0.999999395070269,1,0,0.164298752145892,0.164298752145892,0.00116423422767738,0.0112798294450181
"S5","null",1000,70,0.6,0,0,"none",0,"MR-BMA",215.067988426138,0.0683901031352205,0.01,0.01,-0.000487205865971882,0.00264454183689622,NA,NA
"S5","null",1000,70,0.6,0,0,"none",0,"MR-CCC",215.067988426138,0.0979779648241206,0.02,0.014070529413629,-0.000526222117598242,0.00419553842782116,-0.00028232215995087,0.00289807181704769
"S5","null",1000,70,0.6,0,0,"none",0,"MVMR",215.067988426138,0.426729043236964,0,0,0.00123291618838593,0.0235177613927306,NA,NA
"S5","null",1000,70,0.6,0,0,"none",0,"OLS",215.067988426138,0.999979318227216,1,0,0.134499770590569,0.134499770590569,0.000257941564120323,0.00737329467950201
"S5","null",1000,70,0.9,0,0,"none",0,"MR-BMA",354.272017908523,0.106607433328895,0.02,0.014070529413629,0.000583904438893086,0.00340290877398301,NA,NA
"S5","null",1000,70,0.9,0,0,"none",0,"MR-CCC",354.272017908523,0.102400050251256,0.03,0.0171446607997765,0.00112997567986131,0.00368826371527326,0.000124355378498557,0.00208375266656373
"S5","null",1000,70,0.9,0,0,"none",0,"MVMR",354.272017908523,0.450338359897931,0.01,0.01,0.00166474746527653,0.0194989983811203,NA,NA
"S5","null",1000,70,0.9,0,0,"none",0,"OLS",354.272017908523,0.99995371232922,1,0,0.106065800178673,0.106065800178673,0.000670949700680775,0.00717255074883765
"S5","signal",500,70,0,0,0,"none",0,"MR-BMA",83.7505706158436,0.762903121659625,0.77,0.0422952584681651,-0.0695633700610241,0.10253868660647,NA,NA
"S5","signal",500,70,0,0,0,"none",0,"MR-CCC",83.7505706158436,0.999862085427136,1,0,0.00722861210331703,0.0608510441123435,-0.00645785532093699,0.0460253526691446
"S5","signal",500,70,0,0,0,"none",0,"MVMR",83.7505706158436,0.996215428359378,0.98,0.014070529413629,0.00306993602483118,0.056729028607754,NA,NA
"S5","signal",500,70,0,0,0,"none",0,"OLS",83.7505706158436,1,1,0,0.152266257807218,0.152266257807218,8.88643540890085e-05,0.0110047498739731
"S5","signal",500,70,0.3,0,0,"none",0,"MR-BMA",135.543370002476,0.979881799302826,1,0,-0.0366251893425816,0.0579095701024202,NA,NA
"S5","signal",500,70,0.3,0,0,"none",0,"MR-CCC",135.543370002476,1,1,0,0.00176685877175846,0.0471069750953696,0.00456112105685144,0.0375461266509718
"S5","signal",500,70,0.3,0,0,"none",0,"MVMR",135.543370002476,0.999799595480984,1,0,-0.00105704423843749,0.0459639875171519,NA,NA
"S5","signal",500,70,0.3,0,0,"none",0,"OLS",135.543370002476,1,1,0,0.117429238015819,0.117429238015819,9.03818856740268e-05,0.00983793008183384
"S5","signal",500,70,0.6,0,0,"none",0,"MR-BMA",222.21121775862,0.9921869555067,0.99,0.01,-0.0346977696956835,0.0555851569067356,NA,NA
"S5","signal",500,70,0.6,0,0,"none",0,"MR-CCC",222.21121775862,1,1,0,-0.00874424457174774,0.0372008102713866,0.00504413320168521,0.0213446017094033
"S5","signal",500,70,0.6,0,0,"none",0,"MVMR",222.21121775862,0.999094933501577,0.99,0.01,-0.00558957158964239,0.0526458991892983,NA,NA
"S5","signal",500,70,0.6,0,0,"none",0,"OLS",222.21121775862,1,1,0,0.0844989559960859,0.0856169532731567,-0.000161807059585272,0.00925824639533587
"S5","signal",500,70,0.9,0,0,"none",0,"MR-BMA",360.092238859518,0.999976824435767,1,0,-0.0265917228037251,0.0525847427321896,NA,NA
"S5","signal",500,70,0.9,0,0,"none",0,"MR-CCC",360.092238859518,1,1,0,0.00528305720512086,0.0324192528081754,0.0028538253107717,0.0159290395747365
"S5","signal",500,70,0.9,0,0,"none",0,"MVMR",360.092238859518,0.999729476749073,1,0,0.00279833005835417,0.0562255755009259,NA,NA
"S5","signal",500,70,0.9,0,0,"none",0,"OLS",360.092238859518,1,1,0,0.0683310949904023,0.0707291269479623,0.000731474766818454,0.00623633628585264
"S5","signal",1000,70,0,0,0,"none",0,"MR-BMA",84.3508659177782,0.817510811395398,0.87,0.0337997668989631,-0.0569575071078196,0.0882632376628187,NA,NA
"S5","signal",1000,70,0,0,0,"none",0,"MR-CCC",84.3508659177782,0.999745251256281,1,0,0.00918675936671933,0.0569064143756772,0.00212787284918019,0.0557499878491164
"S5","signal",1000,70,0,0,0,"none",0,"MVMR",84.3508659177782,0.997998739736835,1,0,0.00646294135387634,0.0516413341437614,NA,NA
"S5","signal",1000,70,0,0,0,"none",0,"OLS",84.3508659177782,1,1,0,0.185785582016568,0.185785582016568,-0.000713916224203404,0.0121686942862562
"S5","signal",1000,70,0.3,0,0,"none",0,"MR-BMA",137.312093317565,0.976692273389428,0.98,0.014070529413629,-0.0312386392600912,0.0500862734047456,NA,NA
"S5","signal",1000,70,0.3,0,0,"none",0,"MR-CCC",137.312093317565,1,1,0,0.00631206702838895,0.0486848182427543,0.0053838809553702,0.0397206774665198
"S5","signal",1000,70,0.3,0,0,"none",0,"MVMR",137.312093317565,0.99979360026518,1,0,0.00305110641392974,0.0446803733513131,NA,NA
"S5","signal",1000,70,0.3,0,0,"none",0,"OLS",137.312093317565,1,1,0,0.163358331385063,0.163358331385063,0.00040959289346088,0.0112744934475153
"S5","signal",1000,70,0.6,0,0,"none",0,"MR-BMA",222.628709917769,0.999989985831997,1,0,-0.0215035466706233,0.0398782101283319,NA,NA
"S5","signal",1000,70,0.6,0,0,"none",0,"MR-CCC",222.628709917769,1,1,0,0.0134781078169006,0.0371291964489748,0.00395011283860948,0.0317054709298346
"S5","signal",1000,70,0.6,0,0,"none",0,"MVMR",222.628709917769,0.999996367192099,1,0,0.00723640811169671,0.0400947857988334,NA,NA
"S5","signal",1000,70,0.6,0,0,"none",0,"OLS",222.628709917769,1,1,0,0.1374453194221,0.1374453194221,0.00156293011265702,0.00876557375012365
"S5","signal",1000,70,0.9,0,0,"none",0,"MR-BMA",353.714099472685,0.999999999999877,1,0,-0.0209625014356376,0.0387904894361203,NA,NA
"S5","signal",1000,70,0.9,0,0,"none",0,"MR-CCC",353.714099472685,1,1,0,0.00664970300400049,0.0318055961961192,0.00667053249362058,0.021565866182428
"S5","signal",1000,70,0.9,0,0,"none",0,"MVMR",353.714099472685,0.999999581040552,1,0,0.0079154409231065,0.039545481345209,NA,NA
"S5","signal",1000,70,0.9,0,0,"none",0,"OLS",353.714099472685,1,1,0,0.105399165323867,0.105399165323867,-0.000262110118200533,0.00691021641203881
"S6","main",500,70,0,0.2,0.1,"none",0,"MR-BMA",85.8021699368678,0.948473268354882,0.98,0.014070529413629,-0.00314536627702747,0.0442789259560615,NA,NA
"S6","main",500,70,0,0.2,0.1,"none",0,"MR-CCC",85.8021699368678,0.990730979899497,1,0,0.043954635679126,0.0629036972970045,-0.00463092090738041,0.0453701200722124
"S6","main",500,70,0,0.2,0.1,"none",0,"MVMR",85.8021699368678,0.999938419977136,1,0,0.0408211765664777,0.0487260079227216,NA,NA
"S6","main",500,70,0,0.2,0.1,"none",0,"OLS",85.8021699368678,1,1,0,0.167504137968015,0.167504137968015,-0.00172980838425127,0.0132835636452914
"S6","main",500,70,0,0.2,0.3,"none",0,"MR-BMA",84.2123336172987,0.987687951135967,1,0,0.0837471865961058,0.092182692387401,NA,NA
"S6","main",500,70,0,0.2,0.3,"none",0,"MR-CCC",84.2123336172987,0.99965364321608,1,0,0.129778150349419,0.130485590394757,0.00189843619534181,0.0392163669617629
"S6","main",500,70,0,0.2,0.3,"none",0,"MVMR",84.2123336172987,0.999997060028096,1,0,0.118815874541901,0.11922347784839,NA,NA
"S6","main",500,70,0,0.2,0.3,"none",0,"OLS",84.2123336172987,1,1,0,0.204862727755677,0.204862727755677,0.000573269215901081,0.0130386661417674
"S6","main",500,70,0,0.4,0.1,"none",0,"MR-BMA",83.1025793797867,0.967112066407848,0.97,0.0171446607997765,0.0368026702700628,0.0605608712196578,NA,NA
"S6","main",500,70,0,0.4,0.1,"none",0,"MR-CCC",83.1025793797867,0.993491231155779,1,0,0.0771107758979684,0.0883241672837942,0.00775910754399594,0.0381436531022137
"S6","main",500,70,0,0.4,0.1,"none",0,"MVMR",83.1025793797867,0.999945958289146,1,0,0.0790391177115052,0.0825082091868782,NA,NA
"S6","main",500,70,0,0.4,0.1,"none",0,"OLS",83.1025793797867,1,1,0,0.185882402268799,0.185882402268799,-0.000629449273315498,0.0135338800204424
"S6","main",500,70,0,0.4,0.3,"none",0,"MR-BMA",83.3602071138689,0.999930798627413,1,0,0.18907628335364,0.18907628335364,NA,NA
"S6","main",500,70,0,0.4,0.3,"none",0,"MR-CCC",83.3602071138689,1,1,0,0.25590239811745,0.25590239811745,-0.00931916039630194,0.0432815298266215
"S6","main",500,70,0,0.4,0.3,"none",0,"MVMR",83.3602071138689,0.999999999764564,1,0,0.230585492957941,0.230585492957941,NA,NA
"S6","main",500,70,0,0.4,0.3,"none",0,"OLS",83.3602071138689,1,1,0,0.259064570879405,0.259064570879405,0.00057942723128383,0.0125656311286031
"S6","main",1000,70,0,0.2,0.1,"none",0,"MR-BMA",84.9383074660839,0.982688164146313,1,0,0.0316247886962982,0.0489547293642893,NA,NA
"S6","main",1000,70,0,0.2,0.1,"none",0,"MR-CCC",84.9383074660839,0.9982558040201,1,0,0.0677175215513837,0.0740699084932913,0.0059261357260493,0.0531788661913605
"S6","main",1000,70,0,0.2,0.1,"none",0,"MVMR",84.9383074660839,0.999992913292315,1,0,0.064651413897068,0.0672296748696375,NA,NA
"S6","main",1000,70,0,0.2,0.1,"none",0,"OLS",84.9383074660839,1,1,0,0.206037893937809,0.206037893937809,-0.000399050237854224,0.0136466023558387
"S6","main",1000,70,0,0.2,0.3,"none",0,"MR-BMA",84.1247440201259,0.99712313758003,1,0,0.132430197674161,0.134324053265868,NA,NA
"S6","main",1000,70,0,0.2,0.3,"none",0,"MR-CCC",84.1247440201259,0.999986306532663,1,0,0.194707461279317,0.194707461279317,0.00913600836029654,0.040634262091274
"S6","main",1000,70,0,0.2,0.3,"none",0,"MVMR",84.1247440201259,0.999999895252039,1,0,0.16994588809161,0.16994588809161,NA,NA
"S6","main",1000,70,0,0.2,0.3,"none",0,"OLS",84.1247440201259,1,1,0,0.241877606859628,0.241877606859628,0.00213260976613469,0.0114841039698599
"S6","main",1000,70,0,0.4,0.1,"none",0,"MR-BMA",84.4240617438439,0.995514710854249,1,0,0.0812763827055907,0.0851996971076911,NA,NA
"S6","main",1000,70,0,0.4,0.1,"none",0,"MR-CCC",84.4240617438439,0.999488391959799,1,0,0.123558279079911,0.124224562732761,0.00227215164456054,0.0411858973815942
"S6","main",1000,70,0,0.4,0.1,"none",0,"MVMR",84.4240617438439,0.999998170405425,1,0,0.117774537017961,0.117801388735329,NA,NA
"S6","main",1000,70,0,0.4,0.1,"none",0,"OLS",84.4240617438439,1,1,0,0.221883932387087,0.221883932387087,-0.00149271347722478,0.0124785404046108
"S6","main",1000,70,0,0.4,0.3,"none",0,"MR-BMA",83.5800907591485,0.999999818735252,1,0,0.292965478226713,0.292965478226713,NA,NA
"S6","main",1000,70,0,0.4,0.3,"none",0,"MR-CCC",83.5800907591485,1,1,0,0.397300746382421,0.397300746382421,0.00609212406384591,0.0526710089856767
"S6","main",1000,70,0,0.4,0.3,"none",0,"MVMR",83.5800907591485,0.999999999999979,1,0,0.343949915115439,0.343949915115439,NA,NA
"S6","main",1000,70,0,0.4,0.3,"none",0,"OLS",83.5800907591485,1,1,0,0.291658372838033,0.291658372838033,0.000556750986869092,0.011601642779819
"S6","null",500,70,0,0.2,0.1,"none",0,"MR-BMA",81.9665972768839,0.0687747909581997,0.01,0.01,0.00555975534826461,0.0062771969413096,NA,NA
"S6","null",500,70,0,0.2,0.1,"none",0,"MR-CCC",81.9665972768839,0.18876256281407,0.11,0.031446603773522,0.0214451248571176,0.0236373978655371,-0.000823291060147367,0.00992739176249883
"S6","null",500,70,0,0.2,0.1,"none",0,"MVMR",81.9665972768839,0.580935752036991,0.08,0.0272659924344291,0.0459675816061884,0.0598389393413451,NA,NA
"S6","null",500,70,0,0.2,0.1,"none",0,"OLS",81.9665972768839,0.999533490049373,1,0,0.175451748079687,0.175451748079687,-0.00115212771119283,0.0145449589472729
"S6","null",500,70,0,0.2,0.3,"none",0,"MR-BMA",84.5278823422688,0.213157246469051,0.11,0.031446603773522,0.0346025202925763,0.0346025202925763,NA,NA
"S6","null",500,70,0,0.2,0.3,"none",0,"MR-CCC",84.5278823422688,0.461112060301508,0.45,0.05,0.0805324046916092,0.0805711055004618,-0.00113534052701544,0.0213607665688336
"S6","null",500,70,0,0.2,0.3,"none",0,"MVMR",84.5278823422688,0.898377374976798,0.47,0.0501613558046592,0.125887924305461,0.125887924305461,NA,NA
"S6","null",500,70,0,0.2,0.3,"none",0,"OLS",84.5278823422688,0.999993983531366,1,0,0.211841437300843,0.211841437300843,0.000576942605181512,0.0130000642496813
"S6","null",500,70,0,0.4,0.1,"none",0,"MR-BMA",84.2700577156921,0.129118060735202,0.04,0.0196946385566932,0.0169311193227214,0.016943506335585,NA,NA
"S6","null",500,70,0,0.4,0.1,"none",0,"MR-CCC",84.2700577156921,0.3109608040201,0.24,0.0429234695990928,0.0447020432744903,0.0454746068731469,-0.00331840406869134,0.0133401808433097
"S6","null",500,70,0,0.4,0.1,"none",0,"MVMR",84.2700577156921,0.761731410881076,0.33,0.047258156262526,0.0918328773779065,0.0923256678408943,NA,NA
"S6","null",500,70,0,0.4,0.1,"none",0,"OLS",84.2700577156921,0.999990642236525,1,0,0.194310020259501,0.194310020259501,0.000392152199295311,0.0132399448222487
"S6","null",500,70,0,0.4,0.3,"none",0,"MR-BMA",83.9312136319765,0.741237222800043,0.78,0.0416333199893227,0.180117711851235,0.180117711851235,NA,NA
"S6","null",500,70,0,0.4,0.3,"none",0,"MR-CCC",83.9312136319765,0.872729773869347,0.92,0.0272659924344291,0.233161861663996,0.233161861663996,0.0016282933539865,0.0318572071771158
"S6","null",500,70,0,0.4,0.3,"none",0,"MVMR",83.9312136319765,0.995341492876914,0.97,0.0171446607997765,0.238307345511523,0.238307345511523,NA,NA
"S6","null",500,70,0,0.4,0.3,"none",0,"OLS",83.9312136319765,0.99999999854182,1,0,0.261412002692481,0.261412002692481,0.000600222222240141,0.0140622062833281
"S6","null",1000,70,0,0.2,0.1,"none",0,"MR-BMA",85.1897999321896,0.0614402452095473,0,0,0.00473135976534087,0.00486602041656127,NA,NA
"S6","null",1000,70,0,0.2,0.1,"none",0,"MR-CCC",85.1897999321896,0.174114623115578,0.09,0.0287623491264661,0.0193058232732561,0.0202763690415783,-0.00546879197741184,0.00908159651117841
"S6","null",1000,70,0,0.2,0.1,"none",0,"MVMR",85.1897999321896,0.601652616012722,0.09,0.0287623491264661,0.0562272153634973,0.0611956343523251,NA,NA
"S6","null",1000,70,0,0.2,0.1,"none",0,"OLS",85.1897999321896,0.999999959741522,1,0,0.202528829475673,0.202528829475673,-0.000538678624354624,0.0122892468853666
"S6","null",1000,70,0,0.2,0.3,"none",0,"MR-BMA",84.5555060677133,0.420722914852146,0.35,0.0479372485441102,0.0805176267523805,0.0805176267523805,NA,NA
"S6","null",1000,70,0,0.2,0.3,"none",0,"MR-CCC",84.5555060677133,0.687930376884422,0.72,0.0451260859854213,0.146501267372142,0.146529727108309,0.00324437360616735,0.0304639053552182
"S6","null",1000,70,0,0.2,0.3,"none",0,"MVMR",84.5555060677133,0.97092582933688,0.87,0.0337997668989631,0.167982226060683,0.167982226060683,NA,NA
"S6","null",1000,70,0,0.2,0.3,"none",0,"OLS",84.5555060677133,0.999999999998838,1,0,0.237976472061651,0.237976472061651,0.000355087027072194,0.0117707165606607
"S6","null",1000,70,0,0.4,0.1,"none",0,"MR-BMA",85.2571794745535,0.215359909518121,0.11,0.031446603773522,0.0330060017276979,0.0330143501442229,NA,NA
"S6","null",1000,70,0,0.4,0.1,"none",0,"MR-CCC",85.2571794745535,0.474829748743719,0.44,0.0498887651569859,0.080981037226632,0.0810113185243201,0.00626200185498452,0.0255148587726397
"S6","null",1000,70,0,0.4,0.1,"none",0,"MVMR",85.2571794745535,0.898608036773261,0.59,0.049431107042371,0.125895142681868,0.126107890939455,NA,NA
"S6","null",1000,70,0,0.4,0.1,"none",0,"OLS",85.2571794745535,0.999999998217596,1,0,0.225977458399345,0.225977458399345,0.000214477244942984,0.014115857002762
"S6","null",1000,70,0,0.4,0.3,"none",0,"MR-BMA",81.79061748072,0.968442017100111,0.99,0.01,0.310224911012228,0.310224911012228,NA,NA
"S6","null",1000,70,0,0.4,0.3,"none",0,"MR-CCC",81.79061748072,0.993552613065327,0.99,0.01,0.382624480490703,0.382624480490703,0.00211662483843779,0.0432869920463693
"S6","null",1000,70,0,0.4,0.3,"none",0,"MVMR",81.79061748072,0.999903854901407,1,0,0.341484348147815,0.341484348147815,NA,NA
"S6","null",1000,70,0,0.4,0.3,"none",0,"OLS",81.79061748072,1,1,0,0.293462097297317,0.293462097297317,-0.00118934679620821,0.0130126440761805
"S6","signal",500,70,0,0.2,0.1,"none",0,"MR-BMA",85.1432478829012,0.874097448072495,0.9,0.0301511344577763,-0.0152917211337463,0.0776187575830079,NA,NA
"S6","signal",500,70,0,0.2,0.1,"none",0,"MR-CCC",85.1432478829012,0.999908718592965,1,0,0.0507637701849789,0.0724249732543523,0.00986424205000262,0.0434295332546323
"S6","signal",500,70,0,0.2,0.1,"none",0,"MVMR",85.1432478829012,0.999398079732385,1,0,0.0430825337856425,0.0650189833348138,NA,NA
"S6","signal",500,70,0,0.2,0.1,"none",0,"OLS",85.1432478829012,1,1,0,0.167383945320631,0.167383945320631,-0.00315658572163285,0.0134647430281492
"S6","signal",500,70,0,0.2,0.3,"none",0,"MR-BMA",83.7101075537996,0.963212290519482,0.97,0.0171446607997765,0.0730639450842557,0.0961207422328493,NA,NA
"S6","signal",500,70,0,0.2,0.3,"none",0,"MR-CCC",83.7101075537996,1,1,0,0.131409705612618,0.133329866939958,0.00081234202086263,0.0512116935365591
"S6","signal",500,70,0,0.2,0.3,"none",0,"MVMR",83.7101075537996,0.999973172158379,1,0,0.118407561563445,0.11951553939807,NA,NA
"S6","signal",500,70,0,0.2,0.3,"none",0,"OLS",83.7101075537996,1,1,0,0.204671978388849,0.204671978388849,0.00108428550113703,0.0135229076097974
"S6","signal",500,70,0,0.4,0.1,"none",0,"MR-BMA",83.7260924840207,0.942351104917509,0.98,0.014070529413629,0.0322735481289298,0.0709945482745105,NA,NA
"S6","signal",500,70,0,0.4,0.1,"none",0,"MR-CCC",83.7260924840207,0.999922814070352,1,0,0.0863267005767728,0.0922872882598267,0.0070930006190857,0.0481483682616344
"S6","signal",500,70,0,0.4,0.1,"none",0,"MVMR",83.7260924840207,0.999801747841492,1,0,0.0770552798917198,0.0854360491143405,NA,NA
"S6","signal",500,70,0,0.4,0.1,"none",0,"OLS",83.7260924840207,1,1,0,0.189083842430954,0.189083842430954,-1.13127532191384e-06,0.0115915165256774
"S6","signal",500,70,0,0.4,0.3,"none",0,"MR-BMA",85.4163602187269,0.999612269996358,1,0,0.194283725132012,0.194283725132012,NA,NA
"S6","signal",500,70,0,0.4,0.3,"none",0,"MR-CCC",85.4163602187269,1,1,0,0.255007658457613,0.255007658457613,0.00678476489495864,0.0519256774291486
"S6","signal",500,70,0,0.4,0.3,"none",0,"MVMR",85.4163602187269,0.999999946708149,1,0,0.23113976082585,0.23113976082585,NA,NA
"S6","signal",500,70,0,0.4,0.3,"none",0,"OLS",85.4163602187269,1,1,0,0.264183558427085,0.264183558427085,0.00260909138302845,0.0134172189554697
"S6","signal",1000,70,0,0.2,0.1,"none",0,"MR-BMA",82.1525087054468,0.93913152004485,0.96,0.0196946385566932,0.018370681799655,0.064219864529112,NA,NA
"S6","signal",1000,70,0,0.2,0.1,"none",0,"MR-CCC",82.1525087054468,0.99999256281407,1,0,0.0651642361486802,0.0754674939022783,0.0216695785831891,0.055042795692437
"S6","signal",1000,70,0,0.2,0.1,"none",0,"MVMR",82.1525087054468,0.999916589192817,1,0,0.0636216556052797,0.0709657923916206,NA,NA
"S6","signal",1000,70,0,0.2,0.1,"none",0,"OLS",82.1525087054468,1,1,0,0.20570320779469,0.20570320779469,0.00109713708880159,0.0126947667454162
"S6","signal",1000,70,0,0.2,0.3,"none",0,"MR-BMA",81.8488404097304,0.997685726335071,1,0,0.129720700804609,0.129720700804609,NA,NA
"S6","signal",1000,70,0,0.2,0.3,"none",0,"MR-CCC",81.8488404097304,1,1,0,0.196137345970072,0.196137345970072,0.000576842010806382,0.0625134502333622
"S6","signal",1000,70,0,0.2,0.3,"none",0,"MVMR",81.8488404097304,0.999999809396962,1,0,0.171270279873047,0.171270279873047,NA,NA
"S6","signal",1000,70,0,0.2,0.3,"none",0,"OLS",81.8488404097304,1,1,0,0.242371499759874,0.242371499759874,-0.000715778248650179,0.0138311008866938
"S6","signal",1000,70,0,0.4,0.1,"none",0,"MR-BMA",82.7778529643089,0.988793074934533,1,0,0.0894004103193894,0.09795812069715,NA,NA
"S6","signal",1000,70,0,0.4,0.1,"none",0,"MR-CCC",82.7778529643089,0.99999256281407,1,0,0.132202325733111,0.133265399316831,0.0187727839775346,0.0606817077838728
"S6","signal",1000,70,0,0.4,0.1,"none",0,"MVMR",82.7778529643089,0.999985123045793,1,0,0.128357391039095,0.129401108707114,NA,NA
"S6","signal",1000,70,0,0.4,0.1,"none",0,"OLS",82.7778529643089,1,1,0,0.227080467101675,0.227080467101675,-0.00105936517209866,0.0107237944647546
"S6","signal",1000,70,0,0.4,0.3,"none",0,"MR-BMA",83.3864364543152,0.999997768355973,1,0,0.292685782583136,0.292685782583136,NA,NA
"S6","signal",1000,70,0,0.4,0.3,"none",0,"MR-CCC",83.3864364543152,1,1,0,0.388005105842884,0.388005105842884,0.00948083835404107,0.0533465635175991
"S6","signal",1000,70,0,0.4,0.3,"none",0,"MVMR",83.3864364543152,0.999999999900891,1,0,0.344269527796786,0.344269527796786,NA,NA
"S6","signal",1000,70,0,0.4,0.3,"none",0,"OLS",83.3864364543152,1,1,0,0.295394218060086,0.295394218060086,0.00099396436780676,0.011950391218298
"S7","main",500,70,0,0,0,"quadratic",0.05,"MR-BMA",85.8230881808104,0.870686992473897,0.94,0.0238683256575942,-0.048270570917366,0.0729780975475264,NA,NA
"S7","main",500,70,0,0,0,"quadratic",0.05,"MR-CCC",85.8230881808104,0.973416155778895,1,0,0.0046244810693105,0.0563589955451072,0.0188243320041958,0.0388840927062138
"S7","main",500,70,0,0,0,"quadratic",0.05,"MVMR",85.8230881808104,0.99975427495227,1,0,0.00630061436184466,0.0398511338330429,NA,NA
"S7","main",500,70,0,0,0,"quadratic",0.05,"OLS",85.8230881808104,1,1,0,0.151202673379051,0.151202673379051,0.0224809792534776,0.0256423555353204
"S7","main",500,70,0,0,0,"quadratic",0.1,"MR-BMA",82.843999442739,0.861529284831029,0.9,0.0301511344577763,-0.0482167304592501,0.0729928173776716,NA,NA
"S7","main",500,70,0,0,0,"quadratic",0.1,"MR-CCC",82.843999442739,0.949530301507538,0.98,0.014070529413629,-0.00118931426445658,0.0684408896693611,0.0381440690174528,0.0545919143707307
"S7","main",500,70,0,0,0,"quadratic",0.1,"MVMR",82.843999442739,0.997218671424846,0.99,0.01,0.0037986828046919,0.0474061623183608,NA,NA
"S7","main",500,70,0,0,0,"quadratic",0.1,"OLS",82.843999442739,1,1,0,0.148179592584371,0.148179592584371,0.0463563891158627,0.0467219536675888
"S7","main",500,70,0,0,0,"quadratic",0.2,"MR-BMA",84.4011961245026,0.738566649563383,0.79,0.0409360180740333,-0.0824198494023608,0.109322926251601,NA,NA
"S7","main",500,70,0,0,0,"quadratic",0.2,"MR-CCC",84.4011961245026,0.896827688442211,0.93,0.0256432399976243,-0.0275102082830067,0.0829459765611354,0.0651067303707104,0.0768886120739201
"S7","main",500,70,0,0,0,"quadratic",0.2,"MVMR",84.4011961245026,0.99622203906217,0.99,0.01,-0.0061288105589044,0.060378142454598,NA,NA
"S7","main",500,70,0,0,0,"quadratic",0.2,"OLS",84.4011961245026,0.999999999999999,1,0,0.144745130740201,0.145561698414735,0.0915587706440482,0.0915587706440482
"S7","main",500,70,0,0,0,"quadratic",0.3,"MR-BMA",85.0630846163165,0.721039730641481,0.74,0.0440844002276808,-0.0674582079601097,0.118214991289659,NA,NA
"S7","main",500,70,0,0,0,"quadratic",0.3,"MR-CCC",85.0630846163165,0.913030753768844,0.91,0.0287623491264661,0.00235970716577657,0.097346871887046,0.11956454560511,0.124538950861886
"S7","main",500,70,0,0,0,"quadratic",0.3,"MVMR",85.0630846163165,0.978568037291753,0.94,0.0238683256575942,0.00893010268840181,0.074198076855228,NA,NA
"S7","main",500,70,0,0,0,"quadratic",0.3,"OLS",85.0630846163165,0.999999999999977,1,0,0.146554374082301,0.149664357316477,0.148421152851927,0.148443472208362
"S7","main",1000,70,0,0,0,"quadratic",0.05,"MR-BMA",83.414522693212,0.900938118068577,0.95,0.0219042913557591,-0.031234270278247,0.0623148736933279,NA,NA
"S7","main",1000,70,0,0,0,"quadratic",0.05,"MR-CCC",83.414522693212,0.977490904522613,1,0,0.0177760166169081,0.054624301399518,0.0221300719188764,0.0488983040835869
"S7","main",1000,70,0,0,0,"quadratic",0.05,"MVMR",83.414522693212,0.999804137713861,1,0,0.018668155455165,0.0428167298850757,NA,NA
"S7","main",1000,70,0,0,0,"quadratic",0.05,"OLS",83.414522693212,1,1,0,0.191195729137473,0.191195729137473,0.0301065756556247,0.0301065756556247
"S7","main",1000,70,0,0,0,"quadratic",0.1,"MR-BMA",84.8263794631351,0.861222325349134,0.94,0.0238683256575942,-0.0503848601651408,0.0749097991664392,NA,NA
"S7","main",1000,70,0,0,0,"quadratic",0.1,"MR-CCC",84.8263794631351,0.957359095477387,0.97,0.0171446607997765,0.00645359390446899,0.0586247987918228,0.0545652839176737,0.0645872765502324
"S7","main",1000,70,0,0,0,"quadratic",0.1,"MVMR",84.8263794631351,0.999381960074806,1,0,0.00860278353719745,0.0419848814154529,NA,NA
"S7","main",1000,70,0,0,0,"quadratic",0.1,"OLS",84.8263794631351,1,1,0,0.192376031578077,0.192376031578077,0.0575327500842503,0.0575327500842503
"S7","main",1000,70,0,0,0,"quadratic",0.2,"MR-BMA",82.7849733765313,0.837796881929748,0.86,0.0348735088019777,-0.0482837181985162,0.0792281788806737,NA,NA
"S7","main",1000,70,0,0,0,"quadratic",0.2,"MR-CCC",82.7849733765313,0.95524567839196,0.98,0.014070529413629,0.00244509206178032,0.0674270799586175,0.11145524459482,0.116413050474994
"S7","main",1000,70,0,0,0,"quadratic",0.2,"MVMR",82.7849733765313,0.997570961638382,0.98,0.014070529413629,0.0122596388331305,0.0519843614767048,NA,NA
"S7","main",1000,70,0,0,0,"quadratic",0.2,"OLS",82.7849733765313,1,1,0,0.195242876812817,0.195242876812817,0.114029819902794,0.114029819902794
"S7","main",1000,70,0,0,0,"quadratic",0.3,"MR-BMA",83.3349631856729,0.758678909290978,0.78,0.0416333199893226,-0.0754780545393095,0.0989120968768228,NA,NA
"S7","main",1000,70,0,0,0,"quadratic",0.3,"MR-CCC",83.3349631856729,0.957006055276382,0.98,0.014070529413629,-0.00519730857201546,0.0673949306146619,0.163442372142198,0.163442372142198
"S7","main",1000,70,0,0,0,"quadratic",0.3,"MVMR",83.3349631856729,0.995179297745192,0.99,0.01,0.000924589027084428,0.0551276982220187,NA,NA
"S7","main",1000,70,0,0,0,"quadratic",0.3,"OLS",83.3349631856729,1,1,0,0.183006653299986,0.183006653299986,0.170122671920112,0.170122671920112
"S7","null",500,70,0,0,0,"quadratic",0.05,"MR-BMA",85.4772109306702,0.0495746278743361,0,0,0.00151196035365071,0.00308350053746393,NA,NA
"S7","null",500,70,0,0,0,"quadratic",0.05,"MR-CCC",85.4772109306702,0.116674648241206,0.03,0.0171446607997765,0.00385407648830869,0.00865280549472567,0.00285329087258288,0.00614621653623508
"S7","null",500,70,0,0,0,"quadratic",0.05,"MVMR",85.4772109306702,0.452204479185541,0.03,0.0171446607997765,0.0118598588977712,0.0417720141685072,NA,NA
"S7","null",500,70,0,0,0,"quadratic",0.05,"OLS",85.4772109306702,0.998290780539309,1,0,0.151511059001824,0.151511059001824,0.0236546532920205,0.0245782954113566
"S7","null",500,70,0,0,0,"quadratic",0.1,"MR-BMA",83.4955802257146,0.0561647287909377,0.01,0.01,1.9695198773699e-05,0.00448738605820091,NA,NA
"S7","null",500,70,0,0,0,"quadratic",0.1,"MR-CCC",83.4955802257146,0.204072738693467,0.11,0.031446603773522,-0.00102149368633397,0.0155731404001746,0.0135447302212321,0.0184417389450057
"S7","null",500,70,0,0,0,"quadratic",0.1,"MVMR",83.4955802257146,0.47986571622418,0.05,0.021904291355759,-0.00350727605713495,0.0484072906099066,NA,NA
"S7","null",500,70,0,0,0,"quadratic",0.1,"OLS",83.4955802257146,0.99908283135952,1,0,0.147416254110141,0.147416254110141,0.0501654568989406,0.0501654568989406
"S7","null",500,70,0,0,0,"quadratic",0.2,"MR-BMA",83.0183837982188,0.0517760976563477,0,0,-0.000416257431712148,0.00386628299151043,NA,NA
"S7","null",500,70,0,0,0,"quadratic",0.2,"MR-CCC",83.0183837982188,0.278968190954774,0.2,0.0402015126103685,-0.00629504608352031,0.0194454432260989,0.031946327312972,0.0329727943699853
"S7","null",500,70,0,0,0,"quadratic",0.2,"MVMR",83.0183837982188,0.46538632204146,0.04,0.0196946385566932,-0.00568673418290563,0.0513857362600065,NA,NA
"S7","null",500,70,0,0,0,"quadratic",0.2,"OLS",83.0183837982188,0.999909181979191,1,0,0.149470260560699,0.149470260560699,0.0986376975644453,0.0986376975644453
"S7","null",500,70,0,0,0,"quadratic",0.3,"MR-BMA",84.7815406584282,0.113361699055039,0.07,0.0256432399976243,0.00110995440436843,0.0190104342732406,NA,NA
"S7","null",500,70,0,0,0,"quadratic",0.3,"MR-CCC",84.7815406584282,0.480657889447236,0.42,0.0496044963748858,0.00766859941851223,0.0565173790132568,0.075913440331057,0.0782221858261994
"S7","null",500,70,0,0,0,"quadratic",0.3,"MVMR",84.7815406584282,0.623326988328905,0.15,0.0358870281282637,0.021565721485802,0.0930850345520099,NA,NA
"S7","null",500,70,0,0,0,"quadratic",0.3,"OLS",84.7815406584282,0.999939969556333,1,0,0.16133018765269,0.163262141864453,0.139798906722895,0.139798906722895
"S7","null",1000,70,0,0,0,"quadratic",0.05,"MR-BMA",83.8865884780492,0.0488729252518741,0,0,0.00151996435567784,0.00284136342744613,NA,NA
"S7","null",1000,70,0,0,0,"quadratic",0.05,"MR-CCC",83.8865884780492,0.168425376884422,0.06,0.0238683256575942,0.00504029903858767,0.0119876386313466,0.00839252631518745,0.0138017708260375
"S7","null",1000,70,0,0,0,"quadratic",0.05,"MVMR",83.8865884780492,0.459708851701266,0.02,0.014070529413629,0.0113589522259852,0.0418944237483493,NA,NA
"S7","null",1000,70,0,0,0,"quadratic",0.05,"OLS",83.8865884780492,0.999999944883497,1,0,0.191059643116474,0.191059643116474,0.0304916560154537,0.0305795379666667
"S7","null",1000,70,0,0,0,"quadratic",0.1,"MR-BMA",85.9570097362942,0.0446857065483396,0,0,0.000584431873189709,0.00226504292649881,NA,NA
"S7","null",1000,70,0,0,0,"quadratic",0.1,"MR-CCC",85.9570097362942,0.230094170854271,0.15,0.0358870281282637,0.00125080549305314,0.0156804934014616,0.0235217474973934,0.0252905673196326
"S7","null",1000,70,0,0,0,"quadratic",0.1,"MVMR",85.9570097362942,0.434464774725282,0.04,0.0196946385566932,0.00401733538688239,0.0410435876364761,NA,NA
"S7","null",1000,70,0,0,0,"quadratic",0.1,"OLS",85.9570097362942,0.999999984967856,1,0,0.190066631430733,0.190066631430733,0.0585620137365138,0.0585620137365138
"S7","null",1000,70,0,0,0,"quadratic",0.2,"MR-BMA",84.1124673674198,0.0510748733231119,0,0,0.000182661616435534,0.00355602799158198,NA,NA
"S7","null",1000,70,0,0,0,"quadratic",0.2,"MR-CCC",84.1124673674198,0.436029221105528,0.37,0.048523658709391,0.004844542449277,0.0311391070759588,0.0711830684481598,0.0712585555726967
"S7","null",1000,70,0,0,0,"quadratic",0.2,"MVMR",84.1124673674198,0.469404933715175,0.05,0.021904291355759,0.00697663969865294,0.0507905482566631,NA,NA
"S7","null",1000,70,0,0,0,"quadratic",0.2,"OLS",84.1124673674198,0.999999990248134,1,0,0.184667054273862,0.184667054273862,0.11541470473583,0.11541470473583
"S7","null",1000,70,0,0,0,"quadratic",0.3,"MR-BMA",84.1112108930155,0.0607948882821075,0,0,0.00186444361836814,0.00552541685019302,NA,NA
"S7","null",1000,70,0,0,0,"quadratic",0.3,"MR-CCC",84.1112108930155,0.595595854271357,0.55,0.05,0.00214573570249176,0.051951545173395,0.120003735614854,0.120123720774257
"S7","null",1000,70,0,0,0,"quadratic",0.3,"MVMR",84.1112108930155,0.538166242343084,0.07,0.0256432399976243,0.00110924344683472,0.064620387288142,NA,NA
"S7","null",1000,70,0,0,0,"quadratic",0.3,"OLS",84.1112108930155,0.999999999999929,1,0,0.179473044584427,0.179473044584427,0.172610110070823,0.172610110070823
"S7","signal",500,70,0,0,0,"quadratic",0.05,"MR-BMA",86.2720938126258,0.749784543213679,0.78,0.0416333199893227,-0.0777140904654245,0.104749991792936,NA,NA
"S7","signal",500,70,0,0,0,"quadratic",0.05,"MR-CCC",86.2720938126258,0.999645075376884,1,0,0.0087268404570557,0.0573068534434833,0.033644585293184,0.05337849711561
"S7","signal",500,70,0,0,0,"quadratic",0.05,"MVMR",86.2720938126258,0.99641778765052,0.99,0.01,0.00089254282081061,0.0540004145926624,NA,NA
"S7","signal",500,70,0,0,0,"quadratic",0.05,"OLS",86.2720938126258,1,1,0,0.149258565542937,0.149258565542937,0.0238219512320681,0.025704734325542
"S7","signal",500,70,0,0,0,"quadratic",0.1,"MR-BMA",86.4814608651978,0.761615216674655,0.82,0.0386122919665368,-0.065197950998008,0.103121056222966,NA,NA
"S7","signal",500,70,0,0,0,"quadratic",0.1,"MR-CCC",86.4814608651978,0.999977386934673,1,0,0.0152657373904841,0.0608108767208835,0.0380905462013955,0.0605733512200212
"S7","signal",500,70,0,0,0,"quadratic",0.1,"MVMR",86.4814608651978,0.997832634661407,0.99,0.01,0.0175304018479318,0.0593826709450698,NA,NA
"S7","signal",500,70,0,0,0,"quadratic",0.1,"OLS",86.4814608651978,1,1,0,0.161680798468243,0.161680798468243,0.0455702209364722,0.0456704381496725
"S7","signal",500,70,0,0,0,"quadratic",0.2,"MR-BMA",83.9474113494504,0.644967895220157,0.64,0.0482418151324422,-0.0913478863316062,0.136996473371779,NA,NA
"S7","signal",500,70,0,0,0,"quadratic",0.2,"MR-CCC",83.9474113494504,0.999775879396985,1,0,0.00294333840942671,0.0743057320203464,0.0752792821071774,0.0854314421833923
"S7","signal",500,70,0,0,0,"quadratic",0.2,"MVMR",83.9474113494504,0.983315420882461,0.89,0.031446603773522,0.00775287667005366,0.0791517135855346,NA,NA
"S7","signal",500,70,0,0,0,"quadratic",0.2,"OLS",83.9474113494504,1,1,0,0.154983053590968,0.154983053590968,0.0899208115979507,0.0899208115979507
"S7","signal",500,70,0,0,0,"quadratic",0.3,"MR-BMA",80.7683127889055,0.568470511988981,0.54,0.0500908265962033,-0.108708855887342,0.154774293709792,NA,NA
"S7","signal",500,70,0,0,0,"quadratic",0.3,"MR-CCC",80.7683127889055,0.99339891959799,1,0,0.00781592859033934,0.0843688548417137,0.0888554116518939,0.107650438545195
"S7","signal",500,70,0,0,0,"quadratic",0.3,"MVMR",80.7683127889055,0.963851816715316,0.86,0.0348735088019777,0.01478959630407,0.0876674062897279,NA,NA
"S7","signal",500,70,0,0,0,"quadratic",0.3,"OLS",80.7683127889055,1,1,0,0.168110872489615,0.169610893496386,0.139427581630596,0.139427581630596
"S7","signal",1000,70,0,0,0,"quadratic",0.05,"MR-BMA",83.8481033998957,0.840293353424671,0.89,0.031446603773522,-0.0476642093124101,0.0788459785346916,NA,NA
"S7","signal",1000,70,0,0,0,"quadratic",0.05,"MR-CCC",83.8481033998957,0.999763090452261,1,0,0.0141387042592979,0.0537771277958015,0.0378898097294115,0.0671999064936084
"S7","signal",1000,70,0,0,0,"quadratic",0.05,"MVMR",83.8481033998957,0.997528764301423,0.99,0.01,0.0121176461570923,0.0490000100426686,NA,NA
"S7","signal",1000,70,0,0,0,"quadratic",0.05,"OLS",83.8481033998957,1,1,0,0.190490164046177,0.190490164046177,0.0281002685824495,0.0290703958884341
"S7","signal",1000,70,0,0,0,"quadratic",0.1,"MR-BMA",84.7682375744431,0.775809534462851,0.8,0.0402015126103685,-0.0642253326751132,0.101271494089792,NA,NA
"S7","signal",1000,70,0,0,0,"quadratic",0.1,"MR-CCC",84.7682375744431,0.999779798994975,1,0,0.0123601651699634,0.0692573849523141,0.0663605105559383,0.0794194058219761
"S7","signal",1000,70,0,0,0,"quadratic",0.1,"MVMR",84.7682375744431,0.997340530468443,1,0,0.00714250175670098,0.0582201945934939,NA,NA
"S7","signal",1000,70,0,0,0,"quadratic",0.1,"OLS",84.7682375744431,1,1,0,0.190032375640658,0.190032375640658,0.0559705505894067,0.0559705505894067
"S7","signal",1000,70,0,0,0,"quadratic",0.2,"MR-BMA",84.2484594210796,0.734687120017933,0.76,0.0429234695990928,-0.0727477595819845,0.116676756883283,NA,NA
"S7","signal",1000,70,0,0,0,"quadratic",0.2,"MR-CCC",84.2484594210796,0.999742713567839,1,0,0.010925249093454,0.0663740619884841,0.101746250878982,0.110251155357951
"S7","signal",1000,70,0,0,0,"quadratic",0.2,"MVMR",84.2484594210796,0.996284558515507,0.99,0.01,0.0110620336045579,0.0587892862576423,NA,NA
"S7","signal",1000,70,0,0,0,"quadratic",0.2,"OLS",84.2484594210796,1,1,0,0.191210414471621,0.191210414471621,0.112544301837363,0.112544301837363
"S7","signal",1000,70,0,0,0,"quadratic",0.3,"MR-BMA",85.8275209112068,0.682958811043604,0.73,0.0446196043338474,-0.0839199024510087,0.124792691549466,NA,NA
"S7","signal",1000,70,0,0,0,"quadratic",0.3,"MR-CCC",85.8275209112068,0.999902487437186,1,0,0.0129749198309244,0.0666085917305095,0.194580656326156,0.19610129820928
"S7","signal",1000,70,0,0,0,"quadratic",0.3,"MVMR",85.8275209112068,0.981261830112389,0.94,0.0238683256575942,0.0102379587296986,0.0695308478128522,NA,NA
"S7","signal",1000,70,0,0,0,"quadratic",0.3,"OLS",85.8275209112068,1,1,0,0.189010988889284,0.189010988889284,0.177953649784886,0.177953649784886
